gene	condition	subgroup_1	subgroup_2	delta_1	delta_2	delta_pool	delta_strat	sign_flip	hetero_gap	discordance	instability_score	var_proxy	gene_base
RvY_00229-1	uv	long	short	0.640723560083751	-0.565429973895283	0.0466471175124816	-0.0377378027794553	TRUE	1.20615353397903	0.0843849202919369	1.29053845427097	0.580685885915298	RvY_00229
RvY_00248	uv	long	short	0.726039181453256	-0.5993687624624	0.0497467645702949	-0.0195027869993005	TRUE	1.32540794391566	0.0692495515695954	1.39465749548525	0.96284022529105	RvY_00248
RvY_00301-1	uv	long	short	0.854429198948863	-0.637460996789049	0.102330146347211	0.0152409638462879	TRUE	1.49189019573791	0.0870891825009232	1.57897937823884	0.56091399973706	RvY_00301
RvY_00410-1	uv	long	short	0.542398749097403	-0.602069938322305	-0.0208814746950843	-0.101364887576183	TRUE	1.14446868741971	0.0804834128810986	1.22495210030081	1.03281718699818	RvY_00410
RvY_00455-1	uv	long	short	0.559054983587057	-0.584721014782962	-0.055456987130901	-0.0843190154960785	TRUE	1.14377599837002	0.0288620283651775	1.1726380267352	0.516842768070999	RvY_00455
RvY_00502-1	uv	long	short	-0.515678792509798	0.628971627272343	0.0612534178537079	0.128187068617657	TRUE	1.14465041978214	0.0669336507639488	1.21158407054609	0.590621155963994	RvY_00502
RvY_00665	uv	long	short	0.661022715111434	-0.607855004328398	0.0235790198328036	-0.0527210020734714	TRUE	1.26887771943983	0.0763000219062751	1.34517774134611	0.486235780123029	RvY_00665
RvY_00942-1	uv	long	short	0.665136954819879	-0.591424840070392	0.0196795434099055	-0.0416790548058985	TRUE	1.25656179489027	0.061358598215804	1.31792039310607	0.644338592124637	RvY_00942
RvY_00965-1	uv	long	short	0.633751704446993	-0.469170154388338	0.10337258969214	0.0133581588521196	TRUE	1.10292185883533	0.0900144308400202	1.19293628967535	0.562003147328624	RvY_00965
RvY_00974-1	uv	long	short	0.545750000748195	-0.694548958572579	-0.0917689711188601	-0.15191816386974	TRUE	1.24029895932077	0.0601491927508801	1.30044815207165	0.237932772220136	RvY_00974
RvY_01043-1	uv	long	short	0.523913143569051	-0.644866210712647	-0.0957684014471125	-0.133525243214404	TRUE	1.1687793542817	0.0377568417672914	1.20653619604899	0.570338274371611	RvY_01043
RvY_01072-1	uv	long	short	0.619200791520532	-0.524376719588565	0.05292679560847	-0.024061558478335	TRUE	1.1435775111091	0.076988354086805	1.2205658651959	0.655672693862986	RvY_01072
RvY_01082	uv	long	short	-1.00067572189577	0.913189115312123	0.0824303938612356	0.0758732490336712	TRUE	1.91386483720789	0.00655714482756442	1.92042198203546	1.24177452194687	RvY_01082
RvY_01168-1	uv	long	short	0.522348733128236	-0.68178455129988	-0.064418146909035	-0.154976239362579	TRUE	1.20413328442812	0.0905580924535444	1.29469137688166	0.43430087109429	RvY_01168
RvY_01196-1	uv	long	short	0.809248116226182	-0.918070354207967	-0.0867036950866824	-0.162368523393027	TRUE	1.72731847043415	0.0756648283063445	1.80298329874049	0.482985593818066	RvY_01196
RvY_01203-1	uv	long	short	0.793436123554575	-0.584689953059598	0.0562198179885023	0.0182402054591031	TRUE	1.37812607661417	0.0379796125293992	1.41610568914357	0.406197867181512	RvY_01203
RvY_01294-1	uv	long	short	0.723870538759404	-0.819936512509803	-0.0316207027633428	-0.144520927579525	TRUE	1.54380705126921	0.112900224816182	1.65670727608539	0.682827218723042	RvY_01294
RvY_01336	uv	long	short	-0.805189372727596	0.855016375095789	0.0226309438319792	0.128676360423058	TRUE	1.66020574782339	0.106045416591079	1.76625116441446	0.877854433569663	RvY_01336
RvY_01368-1	uv	long	short	-0.804342661994083	0.861227926319756	0.0319535719347019	0.132540793932452	TRUE	1.66557058831384	0.10058722199775	1.76615781031159	0.248843647440244	RvY_01368
RvY_01375	uv	long	short	0.73031724256499	-0.603802645232033	0.02725457230739	-0.0201251943208356	TRUE	1.33411988779702	0.0473797666282256	1.38149965442525	0.290725936481788	RvY_01375
RvY_01402-1	uv	long	short	-1.11784748014391	1.03675843301979	-0.0236178691290201	0.0941183460106731	TRUE	2.1546059131637	0.117736215139693	2.27234212830339	2.29598764108639	RvY_01402
RvY_01459-1	uv	long	short	-0.570056292221043	0.688679902849275	0.0900424069808379	0.137982817506011	TRUE	1.25873619507032	0.047940410525173	1.30667660559549	0.530969438515862	RvY_01459
RvY_01540-1	uv	long	short	-0.653567193549145	0.487918636588406	-0.0801920685543109	-0.0114814140967726	TRUE	1.14148583013755	0.0687106544575384	1.21019648459509	0.600695564291225	RvY_01540
RvY_01552	uv	long	short	0.645520682826864	-0.714599794140153	-0.0531212823123655	-0.119547085467083	TRUE	1.36012047696702	0.0664258031547179	1.42654628012174	0.697047855898086	RvY_01552
RvY_01557-1	uv	long	short	0.692308915379114	-0.66736829352159	0.00534696330048856	-0.0725095146275321	TRUE	1.3596772089007	0.0778564779280207	1.43753368682872	0.45426318934743	RvY_01557
RvY_01576	uv	long	short	0.825467168623553	-0.718510440509567	0.0505608680720036	-0.0430202365138269	TRUE	1.54397760913312	0.0935811045858304	1.63755871371895	0.605677035807323	RvY_01576
RvY_01734-1	uv	long	short	1.02197839831605	-1.19802764932049	-0.101284295376165	-0.226775003479505	TRUE	2.22000604763654	0.12549070810334	2.34549675573988	0.645181655038	RvY_01734
RvY_01745	uv	long	short	-0.533388415579849	0.694300516653684	0.111174144929658	0.157186608801513	TRUE	1.22768893223353	0.0460124638718553	1.27370139610539	0.489929200791711	RvY_01745
RvY_01823-1	uv	long	short	0.721983192518024	-0.803474606397632	-0.0316418576219313	-0.136086819372033	TRUE	1.52545779891566	0.104444961750101	1.62990276066576	0.603129154772079	RvY_01823
RvY_01887-1	uv	long	short	-0.726009377064776	0.507979821698155	-0.0995162232519835	-0.0318904527606276	TRUE	1.23398919876293	0.0676257704913559	1.30161496925429	0.313212880745894	RvY_01887
RvY_02155-1	uv	long	short	-0.714255468469872	0.64998592424072	-0.0452007898876055	0.0531303149298361	TRUE	1.36424139271059	0.0983311048174416	1.46257249752803	1.22430066404761	RvY_02155
RvY_02266-1	uv	long	short	0.712152728449291	-0.662743876314192	-0.0088545372228106	-0.0612266117301681	TRUE	1.37489660476348	0.0523720745073575	1.42726867927084	0.713149477298695	RvY_02266
RvY_02268-1	uv	long	short	0.662176417984425	-0.707436270724184	0.0015180824415495	-0.108230719414167	TRUE	1.36961268870861	0.109748801855717	1.47936149056433	0.952050186071628	RvY_02268
RvY_02391	uv	long	short	0.644702396857895	-0.590285929366823	0.0516731909581845	-0.0499785366435092	TRUE	1.23498832622472	0.101651727601694	1.33664005382641	0.523792984951217	RvY_02391
RvY_02464-1	uv	long	short	-0.730875881957144	0.463238662587623	-0.0967286320691203	-0.0591864506507128	TRUE	1.19411454454477	0.0375421814184075	1.23165672596317	0.408217844342521	RvY_02464
RvY_02540-1	uv	long	short	0.740955248661019	-0.667806279898214	0.0177718764544093	-0.0514731111535492	TRUE	1.40876152855923	0.0692449876079584	1.47800651616719	0.659931899213152	RvY_02540
RvY_02577-1	uv	long	short	1.05964335633858	-1.05457340248426	-0.00793932494116234	-0.129603570499267	TRUE	2.11421675882284	0.121664245558104	2.23588100438094	0.517272635016648	RvY_02577
RvY_02623-1	uv	long	short	-0.653401934620264	0.626939013218668	-0.00264507704131312	0.0667898485391351	TRUE	1.28034094783893	0.0694349255804482	1.34977587341938	0.624396862685852	RvY_02623
RvY_02699	uv	long	short	0.561135279808662	-0.581693072541351	-0.0572907278490789	-0.0817056683882205	TRUE	1.14282835235001	0.0244149405391417	1.16724329288915	0.524294332234213	RvY_02699
RvY_03025-1	uv	long	short	0.660579935580064	-0.901033941462572	-0.107131922144456	-0.217827870256419	TRUE	1.56161387704264	0.110695948111963	1.6723098251546	1.06973187861895	RvY_03025
RvY_03060-1	uv	long	short	0.813150905580545	-0.780262273264882	0.0201158545334783	-0.0831440075200078	TRUE	1.59341317884543	0.103259862053486	1.69667304089891	0.749844104520791	RvY_03060
RvY_03151-1	uv	long	short	0.733834588406007	-0.793301180474085	-0.0525296787981597	-0.125179281589045	TRUE	1.52713576888009	0.0726496027908853	1.59978537167098	0.409078235618845	RvY_03151
RvY_03207-1	uv	long	short	-0.63521613447227	0.543843991546239	-0.0440145603736744	0.0280051864131414	TRUE	1.17906012601851	0.0720197467868157	1.25107987280532	0.475517982272289	RvY_03207
RvY_03303-1	uv	long	short	1.0750643086966	-0.829937600813584	0.0917426890140369	0.00350073459712158	TRUE	1.90500190951018	0.0882419544169153	1.9932438639271	0.75834444022057	RvY_03303
RvY_03372-1	uv	long	short	0.542769805394165	-0.580991472069668	-0.0265779469352943	-0.0893459131792412	TRUE	1.12376127746383	0.0627679662439469	1.18652924370778	0.277635959340932	RvY_03372
RvY_03391-1	uv	long	short	-0.664553206779445	0.546289331677957	-0.0689379155378367	0.0165457211028436	TRUE	1.2108425384574	0.0854836366406803	1.29632617509808	0.618700157584689	RvY_03391
RvY_03397-1	uv	long	short	0.471627645540869	-0.645143823790218	-0.0895626409127042	-0.156556305957867	TRUE	1.11677146933109	0.0669936650451632	1.18376513437625	0.350435727538753	RvY_03397
RvY_03403-1	uv	long	short	0.595850680283374	-0.555492779638523	0.0482389575911588	-0.0517800159226929	TRUE	1.1513434599219	0.100018973513852	1.25136243343575	0.585130319022828	RvY_03403
RvY_03504	uv	long	short	0.530236688948381	-0.779740510363231	-0.11365794796006	-0.206625485664401	TRUE	1.30997719931161	0.092967537704341	1.40294473701595	0.44048788483394	RvY_03504
RvY_03523-1	uv	long	short	0.593608160035015	-0.547018871338374	-0.0546183650043339	-0.0479945451125159	TRUE	1.14062703137339	0.00662381989181798	1.14725085126521	0.609582643688193	RvY_03523
RvY_03641-1	uv	long	short	0.735108560908832	-0.670379959790639	0.0236235917224832	-0.0554787319846203	TRUE	1.40548852069947	0.0791023237071035	1.48459084440657	0.403451759288089	RvY_03641
RvY_03733-1	uv	long	short	0.785367183594108	-0.619246248888862	0.0459166101490052	-0.00472787217756265	TRUE	1.40461343248297	0.0506444823265678	1.45525791480954	0.267416447243777	RvY_03733
RvY_03755-1	uv	long	short	-0.676049221872139	0.52835808366347	-0.0590833068144603	0.00142988749164086	TRUE	1.20440730553561	0.0605131943061011	1.26492049984171	0.419351583479693	RvY_03755
RvY_03833-1	uv	long	short	-0.54612908056437	0.575991864028805	0.0207508087139345	0.085063950769291	TRUE	1.12212094459318	0.0643131420553565	1.18643408664853	0.462395223885162	RvY_03833
RvY_03876	uv	long	short	-0.656506942064164	0.476607701917754	0.00773479415948586	-0.0191299548243352	TRUE	1.13311464398192	0.0268647489838211	1.15997939296574	1.09136572564059	RvY_03876
RvY_03985-1	uv	long	short	-0.875053788382473	0.674228449218407	-0.0542140591665392	-0.00358252973197831	TRUE	1.54928223760088	0.0506315294345609	1.59991376703544	0.437764899714608	RvY_03985
RvY_04014-1	uv	long	short	0.602470112858487	-0.802370714551429	-0.0907074493704823	-0.18775285255959	TRUE	1.40484082740992	0.0970454031891081	1.50188623059902	0.362181916968267	RvY_04014
RvY_04026-1	uv	long	short	0.666370808327976	-0.682405160643567	0.00487217369355975	-0.0923156742185171	TRUE	1.34877596897154	0.0971878479120768	1.44596381688362	0.486404594181673	RvY_04026
RvY_04048	uv	long	short	1.17614881737714	-0.850849554749249	0.114807688856143	0.0359622330560438	TRUE	2.02699837212638	0.0788454558000988	2.10584382792648	0.84938223591353	RvY_04048
RvY_04319-1	uv	long	short	-0.894579257722869	0.810532047518938	-0.0464337552040872	0.0645458514756476	TRUE	1.70511130524181	0.110979606679735	1.81609091192154	0.702537041112518	RvY_04319
RvY_04392-1	uv	long	short	0.629360158564148	-0.654523841696059	-0.0179325014006606	-0.0928245915822185	TRUE	1.28388400026021	0.0748920901815579	1.35877609044176	0.336070358958671	RvY_04392
RvY_04400	uv	long	short	-1.0696172341765	0.953773198695901	-0.0301556257624895	0.0685398843142269	TRUE	2.0233904328724	0.0986955100767164	2.12208594294912	0.962608047121997	RvY_04400
RvY_04553-1	uv	long	short	0.822407494554194	-0.781747281422609	-0.00935676574163935	-0.0799295669327576	TRUE	1.6041547759768	0.0705728011911183	1.67472757716792	0.498815062241657	RvY_04553
RvY_04594-1	uv	long	short	0.642521229510932	-0.806637735346703	-0.0953044504958118	-0.172630688221488	TRUE	1.44915896485763	0.077326237725676	1.52648520258331	0.770881466238183	RvY_04594
RvY_04696-1	uv	long	short	0.829402532426005	-0.745279211425297	-0.0254736080141749	-0.0563559484903525	TRUE	1.5746817438513	0.0308823404761776	1.60556408432748	0.68062152773821	RvY_04696
RvY_04828-1	uv	long	short	0.654090765559826	-0.763494907275298	-0.0810666393476138	-0.143301175409931	TRUE	1.41758567283512	0.0622345360623174	1.47982020889744	0.670924195047484	RvY_04828
RvY_04958-1	uv	long	short	-0.466076418846725	0.685417648940507	0.104952232539498	0.181638994283593	TRUE	1.15149406778723	0.0766867617440953	1.22818082953133	0.971301332233209	RvY_04958
RvY_05124-1	uv	long	short	0.698540747874207	-0.592585506278585	0.0387198184606339	-0.0277177700867383	TRUE	1.29112625415279	0.0664375885473722	1.35756384270016	1.27013594406844	RvY_05124
RvY_05184-1	uv	long	short	0.50422758938052	-0.774034125220251	-0.104369562446443	-0.214794625082414	TRUE	1.27826171460077	0.11042506263597	1.38868677723674	0.653694754606459	RvY_05184
RvY_05187-1	uv	long	short	0.65924163265508	-0.609730889065517	0.0065962612306123	-0.0545554108127558	TRUE	1.2689725217206	0.0611516720433681	1.33012419376397	0.22066586682474	RvY_05187
RvY_05194-1	uv	long	short	0.524973283152679	-0.702200204501274	-0.0845219730028859	-0.16531180365267	TRUE	1.22717348765395	0.0807898306497836	1.30796331830374	0.232149311287719	RvY_05194
RvY_05228-1	uv	long	short	0.724814082348615	-0.818234099599899	-0.0711362039142651	-0.143150519997424	TRUE	1.54304818194851	0.0720143160831586	1.61506249803167	0.785222109843176	RvY_05228
RvY_05366-1	uv	long	short	0.785510313818594	-0.747974543051312	0.00780444888091214	-0.077074918170728	TRUE	1.53348485686991	0.0848793670516402	1.61836422392155	0.769740594080245	RvY_05366
RvY_05373-1	uv	long	short	0.693166451495287	-0.451918340930891	0.117294294777318	0.0490562557555621	TRUE	1.14508479242618	0.0682380390217562	1.21332283144793	0.729584054386312	RvY_05373
RvY_05440	uv	long	short	-0.651267681986607	0.566685576687595	-0.0445327076820732	0.0338310260176319	TRUE	1.2179532586742	0.0783637336997051	1.29631699237391	0.24772743252336	RvY_05440
RvY_05652-1	uv	long	short	-0.661596271397452	0.608325830053944	-0.0409689645188474	0.0527349106689579	TRUE	1.2699221014514	0.0937038751878052	1.3636259766392	0.609156468319883	RvY_05652
RvY_05679	uv	long	short	0.655225162771471	-0.538273559420905	0.040889612775632	-0.0161178684617408	TRUE	1.19349872219238	0.0570074812373728	1.25050620342975	0.484618152249004	RvY_05679
RvY_05680-1	uv	long	short	0.520710006234071	-0.512008142938143	0.0770819190889949	-0.0601939526752992	TRUE	1.03271814917221	0.137275871764294	1.16999402093651	1.4559950076508	RvY_05680
RvY_05724-1	uv	long	short	0.546694350126409	-0.693140976977328	-0.100986028379653	-0.150713021369443	TRUE	1.23983532710374	0.0497269929897899	1.28956232009353	0.606062475246454	RvY_05724
RvY_05835-1	uv	long	short	0.516051863525417	-0.622256235889344	-0.0835640388696621	-0.124246442395386	TRUE	1.13830809941476	0.0406824035257236	1.17899050294048	0.222641923174413	RvY_05835
RvY_05898	uv	long	short	0.516290691764541	-0.595231176339489	-0.011969137444332	-0.108940359043976	TRUE	1.11152186810403	0.096971221599644	1.20849308970367	0.7233146207126	RvY_05898
RvY_05931-1	uv	long	short	0.516246166060896	-0.693730336371718	-0.0784955931007572	-0.16436561655745	TRUE	1.20997650243261	0.0858700234566927	1.29584652588931	0.325847255106864	RvY_05931
RvY_05949-1	uv	long	short	-0.823475378329677	0.543535428327679	-0.0821313284268328	-0.0545317995849141	TRUE	1.36701080665736	0.0275995288419187	1.39461033549928	0.716036128703867	RvY_05949
RvY_06015-1	uv	long	short	0.89667119004497	-0.806015180675603	0.0232564650862672	-0.0610898934853524	TRUE	1.70268637072057	0.0843463585716197	1.78703272929219	0.599577210911287	RvY_06015
RvY_06030	uv	long	short	-0.861444335859551	0.871982973401581	0.0421234422907828	0.113608525599835	TRUE	1.73342730926113	0.0714850833090526	1.80491239257018	0.925308245044821	RvY_06030
RvY_06047-1	uv	long	short	0.741098493139021	-0.596052199096607	0.0575766596587775	-0.0110487712435197	TRUE	1.33715069223563	0.0686254309022971	1.40577612313793	0.356183094702832	RvY_06047
RvY_06243-1	uv	long	short	0.724059678486075	-0.71151575966598	-0.00235640924855041	-0.0834515054744561	TRUE	1.43557543815206	0.0810950962259057	1.51667053437796	0.19808421598943	RvY_06243
RvY_06249-1	uv	long	short	-0.770669862084113	0.808014568032607	0.027938704602132	0.117340129856542	TRUE	1.57868443011672	0.0894014252544098	1.66808585537113	0.703215364754199	RvY_06249
RvY_06355-1	uv	long	short	0.793651151194478	-0.550841407800323	0.0853479991165278	0.0373740867599022	TRUE	1.3444925589948	0.0479739123566256	1.39246647135143	0.57503309883885	RvY_06355
RvY_06451-1	uv	long	short	0.63653218220126	-0.478835960504059	0.0906765190309358	0.00913760192951835	TRUE	1.11536814270532	0.0815389171014174	1.19690705980674	0.643674694654497	RvY_06451
RvY_06540-1	uv	long	short	-1.1776144315701	1.16856457694615	-0.0271045718848661	0.142111260720289	TRUE	2.34617900851625	0.169215832605155	2.51539484112141	0.824265749059326	RvY_06540
RvY_06621-1	uv	long	short	0.571267637176077	-0.739871516780653	-0.114784283341193	-0.166248136924584	TRUE	1.31113915395673	0.0514638535833902	1.36260300754012	0.672460620061643	RvY_06621
RvY_06736-1	uv	long	short	0.528983730208764	-0.734432907081454	-0.0748661861816036	-0.181688128266983	TRUE	1.26341663729022	0.10682194208538	1.3702385793756	0.514642467457459	RvY_06736
RvY_06758	uv	long	short	0.681020917047148	-0.656993362158445	-0.0300972359474345	-0.0716121150059979	TRUE	1.33801427920559	0.0415148790585634	1.37952915826416	0.386516941416652	RvY_06758
RvY_06826-1	uv	long	short	-0.78667812824483	0.543000772372643	-0.0974676740670368	-0.0387337466475013	TRUE	1.32967890061747	0.0587339274195355	1.38841282803701	0.818555803253156	RvY_06826
RvY_06920-1	uv	long	short	-0.885849348485272	0.63039073267925	-0.0658928332818469	-0.0329643028302284	TRUE	1.51624008116452	0.0329285304516185	1.54916861161614	0.528475588181155	RvY_06920
RvY_06981	uv	long	short	0.944100363636372	-0.735022913047591	0.0785879924944295	-4.0647949835714e-4	TRUE	1.67912327668396	0.0789944719927866	1.75811774867675	0.63064754049815	RvY_06981
RvY_07038-1	uv	long	short	0.680144290624698	-0.69206397193209	-0.00557094153240811	-0.091722857063495	TRUE	1.37220826255679	0.0861519155310869	1.45836017808787	0.659531727587314	RvY_07038
RvY_07155-1	uv	long	short	-0.819271096224856	0.382685178597932	-0.113555812692501	-0.143170691637038	TRUE	1.20195627482279	0.0296148789445374	1.23157115376733	1.16127681496228	RvY_07155
RvY_07160-1	uv	long	short	0.665441772832804	-0.81789385666336	-0.0568654800514654	-0.168934518758788	TRUE	1.48333562949616	0.112069038707322	1.59540466820349	0.444757026225335	RvY_07160
RvY_07245-1	uv	long	short	0.761397035258455	-0.947360642718166	-0.112687721647926	-0.199779158603395	TRUE	1.70875767797662	0.0870914369554692	1.79584911493209	0.473531080137342	RvY_07245
RvY_07341-1	uv	long	short	0.469492466265193	-0.689664218173315	-0.109322244442591	-0.182533168731468	TRUE	1.15915668443851	0.0732109242888765	1.23236760872738	0.2765320971916	RvY_07341
RvY_07434	uv	long	short	0.581636063473626	-0.720317556091164	-0.0848076262167581	-0.150712847531568	TRUE	1.30195361956479	0.0659052213148103	1.3678588408796	0.263199084494019	RvY_07434
RvY_07469-1	uv	long	short	-1.10867728946575	0.892862073204657	-0.0615081265521127	0.0171886020363553	TRUE	2.0015393626704	0.0786967285884679	2.08023609125887	0.779601614781557	RvY_07469
RvY_07514-1	uv	long	short	-0.672023475137043	0.789142215778737	0.0806328255419757	0.149882226003083	TRUE	1.46116569091578	0.0692494004611077	1.53041509137689	0.577519661553371	RvY_07514
RvY_07520-1	uv	long	short	0.496241508846126	-0.718953742411228	-0.105885881588597	-0.187305819986136	TRUE	1.21519525125735	0.0814199383975386	1.29661518965489	0.565678821821011	RvY_07520
RvY_07817-1	uv	long	short	-0.523836279864597	0.621800046160073	0.0506332032597783	0.12058415352428	TRUE	1.14563632602467	0.0699509502645015	1.21558727628917	0.198945017404629	RvY_07817
RvY_07846-1	uv	long	short	0.627826531271596	-0.464198514640493	0.0686727229596311	0.0135624429460458	TRUE	1.09202504591209	0.0551102800135853	1.14713532592568	0.370202527695797	RvY_07846
RvY_07904	uv	long	short	0.942488723695569	-1.11614364440179	-0.0789002933956553	-0.215491983359196	TRUE	2.05863236809736	0.13659168996354	2.1952240580609	0.745108702112614	RvY_07904
RvY_08208-1	uv	long	short	0.912890924177282	-0.873034889336819	0.025023969702894	-0.0916923459243997	TRUE	1.7859258135141	0.116716315627294	1.90264212914139	0.55996603850377	RvY_08208
RvY_08216-1	uv	long	short	0.678455440095807	-0.596253867940813	0.0461687604312546	-0.0385685456747917	TRUE	1.27470930803662	0.0847373061060463	1.35944661414267	0.584956586332281	RvY_08216
RvY_08466-1	uv	long	short	0.626784537301438	-0.554223518723758	0.0712092859329871	-0.0375324942127346	TRUE	1.1810080560252	0.108741780145722	1.28974983617092	0.331050349834305	RvY_08466
RvY_08544-1	uv	long	short	0.908318528490382	-0.773598506029344	0.077474495693699	-0.0377598034269638	TRUE	1.68191703451973	0.115234299120663	1.79715133364039	0.797708226001233	RvY_08544
RvY_08550-1	uv	long	short	-0.636290821757745	0.481503496410269	-0.0790820289267717	-0.00753151778823752	TRUE	1.11779431816801	0.0715505111385342	1.18934482930655	0.314100076967016	RvY_08550
RvY_08551-1	uv	long	short	0.446204932669057	-0.673131066370216	-0.107319854769418	-0.183421566790534	TRUE	1.11933599903927	0.0761017120211158	1.19543771106039	0.248999561843505	RvY_08551
RvY_08608-1	uv	long	short	0.62377263838780606	-0.626733715908161	0.035685071639513	-0.0796371859036756	TRUE	1.25050635429597	0.115322257543189	1.36582861183916	0.639178527695317	RvY_08608
RvY_08618-1	uv	long	short	-0.895774275662622	0.618906980076241	-0.100999110045023	-0.0437660693095118	TRUE	1.51468125573886	0.057233040735511	1.57191429647437	0.617924051180759	RvY_08618
RvY_08835-1	uv	long	short	-0.749979325685386	0.470181508942428	-0.104397501594353	-0.0636388562072406	TRUE	1.22016083462781	0.0407586453871126	1.26091948001493	0.608781079063785	RvY_08835
RvY_08858	uv	long	short	0.855954922220002	-0.862632498356817	-0.0403079191326068	-0.110750501854458	TRUE	1.71858742057682	0.0704425827218517	1.78903000329867	0.307021304865295	RvY_08858
RvY_08936-1	uv	long	short	-0.558895056248893	0.563047588846526	0.00711763530957654	0.0721976816172802	TRUE	1.12194264509542	0.0650800463077037	1.18702269140312	0.247034294104043	RvY_08936
RvY_09009-1	uv	long	short	0.62572747178498	-0.785754964837619	-0.115171212661831	-0.168231398815232	TRUE	1.4114824366226	0.0530601861534006	1.464542622776	0.478842037108817	RvY_09009
RvY_09061-1	uv	long	short	0.637444290565511	-0.657334786417873	0.00765036481251613	-0.0908689402376425	TRUE	1.29477907698338	0.0985193050501586	1.39329838203354	0.62704707653719	RvY_09061
RvY_09096-1	uv	long	short	-0.986226266137383	0.826576785262632	-0.0569978353440961	0.0334754502751256	TRUE	1.81280305140001	0.0904732856192217	1.90327633701924	0.594312912689007	RvY_09096
RvY_09339-1	uv	long	short	-0.587710684397499	0.528260305283387	-0.0377362641636143	0.0400229972979996	TRUE	1.11597098968089	0.0777592614616139	1.1937302511425	0.617078192557436	RvY_09339
RvY_09340-1	uv	long	short	0.72071867902564	-0.600528974835822	0.0619346645716572	-0.0224831262714322	TRUE	1.32124765386146	0.0844177908430894	1.40566544470455	0.468240521963254	RvY_09340
RvY_09464-1	uv	long	short	-0.770229671159816	0.706358319657843	-0.0185026579404308	0.0603510736751172	TRUE	1.47658799081766	0.078853731615548	1.55544172243321	0.305585625980254	RvY_09464
RvY_09555-1	uv	long	short	-0.518732853878385	0.652888837448504	0.084038680634885	0.14030434749299	TRUE	1.17162169132689	0.0562656668581053	1.22788735818499	0.174099688478188	RvY_09555
RvY_09600-1	uv	long	short	-0.552194480014427	0.553555843507209	5.0968937920714e-4	0.0697900769664932	TRUE	1.10575032352164	0.0692803875872861	1.17503071110892	0.37060787859853	RvY_09600
RvY_09626-1	uv	long	short	0.749656909337354	-0.749443919102443	-0.0024557651373236	-0.0935873066600321	TRUE	1.4991008284398	0.0911315415227085	1.59023236996251	0.151749837295688	RvY_09626
RvY_09643-1	uv	long	short	-0.876028983709666	0.802674089624494	-0.0335116018162331	0.0682414950407989	TRUE	1.67870307333416	0.101753096857032	1.78045617019119	0.422040779359012	RvY_09643
RvY_09739-1	uv	long	short	-0.841861856811283	0.73567921210398	-0.0217430254527606	0.0455049944535524	TRUE	1.57754106891526	0.067248019906313	1.64478908882158	0.273258983576065	RvY_09739
RvY_09825-1	uv	long	short	0.875031453704754	-0.633587034378433	0.0928141797869282	0.0264335541579612	TRUE	1.50861848808319	0.066380625628967	1.57499911371215	0.486333099825425	RvY_09825
RvY_09970-1	uv	long	short	0.62495266360791	-0.825902450773791	-0.108136180377489	-0.191153338231797	TRUE	1.4508551143817	0.0830171578543076	1.53387227223601	0.735951352857248	RvY_09970
RvY_10010-1	uv	long	short	0.701034577685759	-0.474776773614608	0.0684658439809498	0.0396406925793023	TRUE	1.17581135130037	0.0288251514016475	1.20463650270201	0.394912485068232	RvY_10010
RvY_10146-1	uv	long	short	1.06731573435262	-1.0640254398842801	-0.0434403723108883	-0.131563676155634	TRUE	2.1313411742369	0.0881233038447457	2.21946447808165	0.756376263917812	RvY_10146
RvY_10187-1	uv	long	short	0.593669471650156	-0.659432980002793	-0.0519373906113874	-0.111200657404628	TRUE	1.25310245165295	0.0592632667932404	1.31236571844619	0.246222553843707	RvY_10187
RvY_10405	uv	long	short	-0.862269895252476	0.593792116607864	-0.119241979140801	-0.0432350135810346	TRUE	1.45606201186034	0.0760069655597664	1.53206897742011	0.857360494938707	RvY_10405
RvY_10497-1	uv	long	short	0.460562420912218	-0.621433774832667	-0.0242259077319771	-0.14806043919428	TRUE	1.08199619574489	0.123834531462303	1.20583072720719	1.35136482227683	RvY_10497
RvY_10561-1	uv	long	short	0.648956283282224	-0.647005098577553	-0.026282042277221	-0.0800219940139009	TRUE	1.29596138185978	0.05373995173668	1.34970133359646	0.717927559172284	RvY_10561
RvY_10601-1	uv	long	short	0.643433417686716	-0.527302558557873	0.0625412602967534	-0.015105568950865	TRUE	1.17073597624459	0.0776468292476184	1.24838280549221	0.440465864307242	RvY_10601
RvY_10648-1	uv	long	short	0.779743096599725	-0.635724434776606	0.0280969306518637	-0.0164573897994608	TRUE	1.41546753137633	0.0445543204513245	1.46002185182766	0.429431764896244	RvY_10648
RvY_10661-1	uv	long	short	-0.646183857468344	0.688320222114569	0.0309350134997857	0.104474687297045	TRUE	1.33450407958291	0.0735396737972591	1.40804375338017	0.510074538142532	RvY_10661
RvY_10714-1	uv	long	short	0.705604406633456	-0.439548068980891	0.102116216384122	0.061456139100386	TRUE	1.14515247561435	0.0406600772837358	1.18581255289808	0.547381628960329	RvY_10714
RvY_10950	uv	long	short	1.00726162410014	-0.888710618588697	0.0495509763166995	-0.0592227624123309	TRUE	1.89597224268884	0.10877373872903	2.00474598141787	0.624662379719439	RvY_10950
RvY_10997-1	uv	long	short	-0.63278862021876	0.715310543137649	0.0723814237655791	0.12551715916922	TRUE	1.34809916335641	0.0531357354036413	1.40123489876005	0.525260031540204	RvY_10997
RvY_10998	uv	long	short	0.742709181079574	-0.860724817431418	-0.0491373109210898	-0.159222443082859	TRUE	1.60343399851099	0.110085132161769	1.71351913067276	0.617736121296308	RvY_10998
RvY_11311-1	uv	long	short	0.628757751935514	-0.588958960576497	-0.00249135460593841	-0.0562078988524923	TRUE	1.21771671251201	0.0537165442465539	1.27143325675857	0.733384016315031	RvY_11311
RvY_11676-1	uv	long	short	0.483968484032936	-0.599599722603307	-0.056585209718734	-0.125538632199951	TRUE	1.08356820663624	0.0689534224812166	1.15252162911746	0.479906795763813	RvY_11676
RvY_11715-1	uv	long	short	0.956979831007038	-0.702324468605146	0.0736197182132781	0.0236211624751846	TRUE	1.65930429961218	0.0499985557380935	1.70930285535028	1.3710182371809	RvY_11715
RvY_11920-1	uv	long	short	0.754534564244256	-0.582579918368229	0.110398432349847	0.00240766777473306	TRUE	1.33711448261249	0.107990764575114	1.4451052471876	1.21394934808829	RvY_11920
RvY_11939-1	uv	long	short	0.575022819270901	-0.54365416876682	0.0305010645201191	-0.0542329865003173	TRUE	1.11867698803772	0.0847340510204365	1.20341103905816	0.371584112117372	RvY_11939
RvY_11994-1	uv	long	short	0.85173481809069	-0.482834149753937	0.0723139974385276	0.101039773678087	TRUE	1.33456896784463	0.0287257762395597	1.36329474408419	3.18458731271791	RvY_11994
RvY_11998-1	uv	long	short	0.720539964141545	-0.776322749313597	-0.0635878192905306	-0.121445312176973	TRUE	1.49686271345514	0.0578574928864421	1.55472020634158	0.551269319956687	RvY_11998
RvY_12012-1	uv	long	short	0.564300219340482	-0.579792943718805	-0.0211259250864355	-0.0792521848803668	TRUE	1.14409316305929	0.0581262597939313	1.20221942285322	0.485439773385776	RvY_12012
RvY_12080-1	uv	long	short	0.600233525880437	-0.61972136316478	-0.0335224857449665	-0.0859910992074976	TRUE	1.21995488904522	0.0524686134625311	1.27242350250775	0.56734062013954	RvY_12080
RvY_12254	uv	long	short	0.600516133592179	-0.634327920980004	-0.00479850966272011	-0.094083647104674	TRUE	1.23484405457218	0.0892851374419539	1.32412919201414	0.418038711603616	RvY_12254
RvY_12270-1	uv	long	short	1.03111988614469	-0.957230833887218	0.0443442631889326	-0.0873273938732581	TRUE	1.98835072003191	0.131671657062191	2.1200223770941	0.480869237923417	RvY_12270
RvY_12452	uv	long	short	0.795431210954663	-0.917148980798344	-0.074087280974326	-0.167895146906403	TRUE	1.71258019175301	0.0938078659320773	1.80638805768508	0.630043569779183	RvY_12452
RvY_12496-1	uv	long	short	0.640250186448661	-0.647277511710064	-0.00405708214576084	-0.0839841437656221	TRUE	1.28752769815873	0.0799270616198612	1.36745475977859	0.463486613346312	RvY_12496
RvY_12712-1	uv	long	short	0.508021275700523	-0.606175329755418	-0.0651980481151835	-0.118714314868444	TRUE	1.11419660545594	0.0535162667532603	1.1677128722092	0.434374318781897	RvY_12712
RvY_12757-1	uv	long	short	0.689386062259999	-0.648017407083508	-0.00352820266928511	-0.0629033892457236	TRUE	1.33740346934351	0.0593751865764385	1.39677865591995	0.327686473589621	RvY_12757
RvY_12845-1	uv	long	short	-1.02681266060916	1.05589128620402	0.0374059952245043	0.144708309473255	TRUE	2.08270394681318	0.107302314248751	2.19000626106193	0.540903610433089	RvY_12845
RvY_12857-1	uv	long	short	0.714316247087456	-0.645370575714759	0.0168558410691171	-0.0505075907387902	TRUE	1.35968682280221	0.0673634318079073	1.42705025461012	0.750356103151012	RvY_12857
RvY_12932	uv	long	short	-0.79648633367641	0.865501782416067	0.030073772503151	0.138381981625608	TRUE	1.66198811609248	0.108308209122457	1.77029632521493	0.822414383480599	RvY_12932
RvY_12943-1	uv	long	short	0.701836726412919	-0.594095706904399	0.0381983277603899	-0.0271252673280724	TRUE	1.29593243331732	0.0653235950884623	1.36125602840578	0.757436429986975	RvY_12943
RvY_13077	uv	long	short	0.737323770481511	-0.527581849216945	0.0467370588027922	0.0258143594011295	TRUE	1.26490561969846	0.0209226994016627	1.28582831910012	0.305823964089279	RvY_13077
RvY_13142-1	uv	long	short	0.616114423348311	-0.677131499649582	-0.0437585176058901	-0.111336408338004	TRUE	1.29324592299789	0.067577890732114	1.36082381373001	0.401728025237753	RvY_13142
RvY_13159-1	uv	long	short	0.723186027917801	-0.531354206621725	0.0914964933172451	0.0175071459893172	TRUE	1.25454023453953	0.0739893473279278	1.32852958186745	0.502159941641487	RvY_13159
RvY_13161-1	uv	long	short	0.559469054819926	-0.653660927322754	-0.0509474928071674	-0.122916560135332	TRUE	1.21312998214268	0.0719690673281644	1.28509904947084	0.596975174826067	RvY_13161
RvY_13225	uv	long	short	0.820861627594145	-0.502133294949613	0.105733611731142	0.076676983663281	TRUE	1.32299492254376	0.0290566280678611	1.35205155061162	0.807794247293839	RvY_13225
RvY_13246-1	uv	long	short	-0.790074502173916	0.954841735921633	0.0918225068735241	0.19144088175483	TRUE	1.74491623809555	0.099618374881306	1.84453461297686	0.525083048210689	RvY_13246
RvY_13279-1	uv	long	short	0.551104269571594	-0.699725202074194	-0.0504741615869691	-0.152487308229162	TRUE	1.25082947164579	0.102013146642193	1.35284261828798	0.578380332142067	RvY_13279
RvY_13282-1	uv	long	short	0.698227048072754	-0.635782634939806	0.0155934890287845	-0.0521533986218107	TRUE	1.33400968301256	0.0677468876505953	1.40175657066315	0.426609251942136	RvY_13282
RvY_13451-1	uv	long	short	-0.608447941596969	0.625291098709022	-0.00968462944282944	0.0855302685751509	TRUE	1.23373904030599	0.0952148980179803	1.32895393832397	0.569739528230403	RvY_13451
RvY_13513-1	uv	long	short	0.567236502356715	-0.681197409705315	-0.0602166873318186	-0.135007573178177	TRUE	1.24843391206203	0.0747908858463584	1.32322479790839	0.348295278174182	RvY_13513
RvY_13663-1	uv	long	short	1.04997478778319	-1.16125544463498	-0.0613271308160739	-0.193842217952032	TRUE	2.21123023241817	0.132515087135958	2.34374531955413	0.881377296624293	RvY_13663
RvY_13694-1	uv	long	short	-0.744841553353179	0.655477296120939	-0.0288128091583157	0.0428377994760121	TRUE	1.40031884947412	0.0716506086343278	1.47196945810845	0.305143368736724	RvY_13694
RvY_13698-1	uv	long	short	0.608579211637002	-0.778623403149518	-0.0818784232642509	-0.171722259180415	TRUE	1.38720261478652	0.0898438359161646	1.47704645070268	0.75758776656455	RvY_13698
RvY_13711-1	uv	long	short	0.542425545008722	-0.59663249518312	-0.0541012694553151	-0.0982946025991889	TRUE	1.13905804019184	0.0441933331438738	1.18325137333572	0.28169303934662	RvY_13711
RvY_13788	uv	long	short	0.708961074251679	-0.444602813260605	0.102922264869773	0.0600813875260191	TRUE	1.15356388751228	0.0428408773437536	1.19640476485604	0.730865613056763	RvY_13788
RvY_13813-1	uv	long	short	0.61992416212884	-0.706554464068738	-0.0655067411321193	-0.126220065107297	TRUE	1.32647862619758	0.0607133239751781	1.38719195017276	0.749324747776641	RvY_13813
RvY_13839-1	uv	long	short	-0.93556822469052	1.0311491988942	0.0815258101081691	0.170710326075884	TRUE	1.96671742358472	0.0891845159677147	2.05590193955243	0.811737454191792	RvY_13839
RvY_13953-1	uv	long	short	-0.709659831932743	0.540651521195819	-0.0553259407446047	-0.00635969579792733	TRUE	1.25031135312856	0.0489662449466774	1.29927759807524	0.888696856824252	RvY_13953
RvY_13964-1	uv	long	short	0.831914627149906	-0.55572272257777	0.118347335323838	0.0513686179280879	TRUE	1.38763734972768	0.0669787173957501	1.45461606712343	0.447348705233382	RvY_13964
RvY_13993-1	uv	long	short	-0.586387520291787	0.618139079990104	0.0034893338239943	0.0911586923667766	TRUE	1.20452660028189	0.0876693585427823	1.29219595882467	0.843545523075783	RvY_13993
RvY_14091-1	uv	long	short	-0.583333876895884	0.490000176202281	-0.0532191120437773	0.0204165279718337	TRUE	1.07333405309816	0.073635640015611	1.14696969311378	0.351732232021001	RvY_14091
RvY_14100-1	uv	long	short	0.790556246997353	-0.797605167549495	-0.00729613190143397	-0.102784548685249	TRUE	1.58816141454685	0.0954884167838151	1.68364983133066	0.695986384073638	RvY_14100
RvY_14133	uv	long	short	1.24020043561966	-1.23543037983084	-0.0286955170327365	-0.152341898071244	TRUE	2.4756308154505	0.123646381038508	2.59927719648901	0.726223397772376	RvY_14133
RvY_14138-1	uv	long	short	-0.832916648881874	0.558179085288938	-0.0773036875947639	-0.0504252984107922	TRUE	1.39109573417081	0.0268783891839717	1.41797412335478	1.47979838459403	RvY_14138
RvY_14207-1	uv	long	short	0.944266401799232	-1.03180144313816	-0.0771606692705396	-0.16727176097805	TRUE	1.97606784493739	0.0901110917075103	2.0661789366449	0.541196161308992	RvY_14207
RvY_14289-1	uv	long	short	0.688203798952994	-0.425183970642509	0.106698524318599	0.0619231785555235	TRUE	1.1133877695955	0.0447753457630754	1.15816311535858	0.324366074617582	RvY_14289
RvY_14374	uv	long	short	0.573078728016261	-0.736295894130899	-0.108154047308213	-0.163444496941517	TRUE	1.30937462214716	0.0552904496333033	1.36466507178046	0.504543977362144	RvY_14374
RvY_14438-1	uv	long	short	0.628261713683075	-0.674375164825115	-0.00962231777113409	-0.104471530477782	TRUE	1.30263687850819	0.0948492127066479	1.39748609121484	0.335597726953428	RvY_14438
RvY_14439-1	uv	long	short	-0.742389104058312	0.787293375474388	0.0928858593862962	0.118057290678832	TRUE	1.5296824795327	0.0251714312925355	1.55485391082523	0.465563315277487	RvY_14439
RvY_14446-1	uv	long	short	-0.608902813341506	0.72533355202561	0.0817529059395641	0.141605142177497	TRUE	1.33423636536712	0.0598522362379328	1.39408860160505	0.395833971898873	RvY_14446
RvY_14481-1	uv	long	short	0.587170421287468	-0.714846075894961	-0.0644817489399312	-0.145213858377649	TRUE	1.30201649718243	0.0807321094377174	1.38274860662015	0.23832139714325	RvY_14481
RvY_14646-1	uv	long	short	0.803298766589239	-0.593885069559936	0.0970155353280653	0.0173828587553282	TRUE	1.39718383614917	0.0796326765727371	1.47681651272191	1.63159160511541	RvY_14646
RvY_14719-1	uv	long	short	-0.549410429086455	0.650115572299079	0.0528340978953406	0.125322946692908	TRUE	1.19952600138553	0.0724888487975671	1.2720148501831	0.178259980728553	RvY_14719
RvY_14730-1	uv	long	short	-1.31302042182357	1.17858315486658	-0.0560235148508808	0.0885065900646369	TRUE	2.49160357669015	0.144530104915518	2.63613368160566	0.777810045464628	RvY_14730
RvY_14832-1	uv	long	short	0.827921284246894	-1.01644241805956	-0.0957181017613635	-0.209533298300484	TRUE	1.84436370230645	0.11381519653912	1.95817889884557	0.475661587135627	RvY_14832
RvY_15004-1	uv	long	short	0.655416377504595	-0.474180126829198	0.0988861024580903	0.0200183438168364	TRUE	1.12959650433379	0.0788677586412538	1.20846426297505	0.365231534669861	RvY_15004
RvY_15104	uv	long	short	0.807062596807637	-0.715031156120411	0.0484284147426441	-0.0491151392143896	TRUE	1.52209375292805	0.0975435539570338	1.61963730688508	0.594065874832949	RvY_15104
RvY_15120	uv	long	short	-0.69680259651297	0.57536632289160194	-0.0412887375692561	0.018792420652102	TRUE	1.27216891940457	0.0600811582213581	1.33225007762593	0.247834398300707	RvY_15120
RvY_15133-1	uv	long	short	0.820682142581005	-0.766684522478409	0.0216072886887275	-0.072211606514915	TRUE	1.58736666505941	0.0938188952036426	1.68118556026306	0.731504456330311	RvY_15133
RvY_15200-1	uv	long	short	0.817912499545772	-0.840124022481384	-0.0430512316440721	-0.114733044094504	TRUE	1.65803652202716	0.0716818124504314	1.72971833447759	0.66810341670147	RvY_15200
RvY_15226-1	uv	long	short	0.531029566378944	-0.563300060444393	-0.00621725561520847	-0.0845308487091828	TRUE	1.09432962682334	0.0783135930939744	1.17264321991731	0.288203434339751	RvY_15226
RvY_15235-1	uv	long	short	-0.699062498041831	0.546480053082735	-0.102347976024299	0.00155518696573731	TRUE	1.24554255112457	0.103903162990036	1.3494457141146	0.732430810422184	RvY_15235
RvY_15312-1	uv	long	short	-0.600035423679866	0.543202556926347	0.00756691186576664	0.0430359404111285	TRUE	1.14323798060621	0.0354690285453619	1.17870700915158	0.26216628336457	RvY_15312
RvY_15329-1	uv	long	short	0.603919364225151	-0.825575806925242	-0.110641324061135	-0.200171669546945	TRUE	1.42949517115039	0.0895303454858105	1.5190255166362	0.249689923287245	RvY_15329
RvY_15496-1	uv	long	short	-0.575033687319358	0.659669230311966	0.0558018374453386	0.119486703848262	TRUE	1.23470291763132	0.063684866402923	1.29838778403425	0.591084889778296	RvY_15496
RvY_15547-1	uv	long	short	-0.766463318490593	0.603699855319153	-0.0479625864822637	0.00425346677738919	TRUE	1.37016317380975	0.0522160532596529	1.4223792270694	0.724663161277253	RvY_15547
RvY_15640-1	uv	long	short	1.14721014596951	-0.872748946922858	0.111082614664602	0.0109831562175544	TRUE	2.01995909289237	0.100099458447047	2.12005855133942	0.268636543640699	RvY_15640
RvY_15664	uv	long	short	0.584309032504513	-0.538056664512599	0.00295189423940112	-0.0470216720676124	TRUE	1.12236569701711	0.0499735663070135	1.17233926332413	0.659559743565975	RvY_15664
RvY_15772	uv	long	short	0.601773380955654	-0.466269597416934	0.0814323996729982	9.9920562107325e-4	TRUE	1.06804297837259	0.080433194051925	1.14847617242451	0.354747107882122	RvY_15772
RvY_15790-1	uv	long	short	-0.55987706437075	0.591640760740435	0.0265130274302834	0.0878517122542917	TRUE	1.15151782511118	0.0613386848240083	1.21285650993519	0.529924211982453	RvY_15790
RvY_15840-1	uv	long	short	0.968733281648404	-1.08221959915841	-0.0752359563285632	-0.184927713805429	TRUE	2.05095288080681	0.109691757476866	2.16064463828368	0.946895375551162	RvY_15840
RvY_16000-1	uv	long	short	-0.601559271128281	0.754054751888623	0.110728536200512	0.160973616818727	TRUE	1.3556140230169	0.050245080618215	1.40585910363512	0.627618773628198	RvY_16000
RvY_16048-1	uv	long	short	0.595484211438231	-0.641317461243437	-0.0157159340333202	-0.100216729445207	TRUE	1.23680167268167	0.084500795411887	1.32130246809356	0.75558912809058	RvY_16048
RvY_16079-1	uv	long	short	0.664967352789422	-0.4826787905342	0.0722435195317743	0.0194163971698845	TRUE	1.14764614332362	0.0528271223618898	1.20047326568551	0.291059296111385	RvY_16079
RvY_16143-1	uv	long	short	-0.531150121324401	0.631055028374107	0.0472019897382587	0.12259027538101	TRUE	1.16220514969851	0.0753882856427515	1.23759343534126	0.561927597320153	RvY_16143
RvY_16169-1	uv	long	short	-0.956461849178988	0.67724063951291	-0.101645926849778	-0.0375041992897958	TRUE	1.6337024886919	0.064141727559982	1.69784421625188	0.332972614097335	RvY_16169
RvY_16270-1	uv	long	short	-1.05893759091074	0.799897869198786	-0.0894616228342766	-0.0133426445991308	TRUE	1.85883546010952	0.0761189782351458	1.93495443834467	0.590334527973746	RvY_16270
RvY_16432-1	uv	long	short	0.825341555393196	-0.718798193438872	0.0306087910795254	-0.043237053324842	TRUE	1.54413974883207	0.0738458444043674	1.61798559323644	0.569165631024732	RvY_16432
RvY_16498-1	uv	long	short	0.707822648061478	-0.539773420475219	0.0604462953134304	0.00604985950958592	TRUE	1.2475960685367	0.0543964358038445	1.30199250434054	0.546877625491716	RvY_16498
RvY_16521-1	uv	long	short	-0.739003927748795	0.555495416246773	-0.0856549337919237	-0.010848046751288	TRUE	1.29449934399557	0.0748068870406357	1.3693062310362	0.543584533243047	RvY_16521
RvY_16628-1	uv	long	short	0.683787360627646	-0.560349837340963	0.0518619213571192	-0.0160398132296968	TRUE	1.24413719796861	0.067901734586816	1.31203893255543	0.383677783498673	RvY_16628
RvY_16773-1	uv	long	short	0.712768171264438	-0.628877597847708	0.0312646398300984	-0.0419075738611439	TRUE	1.34164576911215	0.0731722136912423	1.41481798280339	0.486917561790847	RvY_16773
RvY_16776-1	uv	long	short	0.691127522293893	-0.869486551308464	-0.0947105401007384	-0.186717894107433	TRUE	1.56061407360236	0.0920073540066942	1.65262142760905	0.724366949212465	RvY_16776
RvY_17017-1	uv	long	short	1.16435229426946	-0.969925057318697	0.0575995411893686	-0.0361787159988807	TRUE	2.13427735158815	0.0937782571882493	2.2280556087764	0.614625005926599	RvY_17017
RvY_17033-1	uv	long	short	0.55601093930484	-0.701751517537947	-0.112846630608538	-0.151480442669228	TRUE	1.25776245684279	0.0386338120606894	1.29639626890348	0.673567184092565	RvY_17033
RvY_17073-1	uv	long	short	0.728870787971031	-0.605665360690224	0.0407773807094545	-0.0218057956509246	TRUE	1.33453614866125	0.0625831763603791	1.39711932502163	0.460195477097357	RvY_17073
RvY_17155	uv	long	short	0.508846887282623	-0.679098982514026	-0.0968068282984937	-0.159372664477992	TRUE	1.18794586979665	0.0625658361794987	1.25051170597615	0.650508204237681	RvY_17155
RvY_17279-1	uv	long	short	0.844033034171049	-0.770870272721289	0.013377190928229	-0.064350075955891	TRUE	1.61490330689234	0.07772726688412	1.69263057377646	0.437282920956986	RvY_17279
RvY_17292-1	uv	long	short	0.739506972270108	-0.684554719090519	-0.00568488088205399	-0.0615277291202449	TRUE	1.42406169136063	0.0558428482381909	1.47990453959882	0.329511530137711	RvY_17292
RvY_17360-1	uv	long	short	-0.741551879103085	0.499385246939288	-0.104326776780013	-0.0435247457042502	TRUE	1.24093712604237	0.0608020310757629	1.30173915711814	0.317698071772761	RvY_17360
RvY_17459-1	uv	long	short	0.587536570371722	-0.489980746540085	0.0700704314951599	-0.0185669203911693	TRUE	1.07751731691181	0.0886373518863292	1.16615466879814	0.50675472254594	RvY_17459
RvY_17490	uv	long	short	0.60930762701111	-0.825508782693913	-0.0714732190200058	-0.197776603447966	TRUE	1.43481640970502	0.12630338442796	1.56111979413298	0.956372757972165	RvY_17490
RvY_17569-1	uv	long	short	-0.770448801665038	0.545592634451536	-0.115924941597275	-0.0301754938494654	TRUE	1.31604143611657	0.08574944774781	1.40179088386438	0.678769763107483	RvY_17569
RvY_17574-1	uv	long	short	0.524514484709366	-0.702288216997534	-0.0909420531220588	-0.165562035000765	TRUE	1.2268027017069	0.0746199818787065	1.30142268358561	0.708757656902316	RvY_17574
RvY_17610	uv	long	short	0.612106065345987	-0.638978118562934	-0.00550110790809644	-0.0916287881027812	TRUE	1.25108418390892	0.0861276801946848	1.33721186410361	0.719808151475388	RvY_17610
RvY_17741	uv	long	short	0.551505112323062	-0.805624240800411	-0.103115953991107	-0.211880148808892	TRUE	1.35712935312347	0.108764194817784	1.46589354794126	1.4188086144395	RvY_17741
RvY_17745-1	uv	long	short	0.633831404182248	-0.812538766031769	-0.113760869815716	-0.179751816563136	TRUE	1.44637017021402	0.0659909467474198	1.51236111696144	0.290687804676752	RvY_17745
RvY_17788-1	uv	long	short	-0.518408850785076	0.716098208348088	0.0885495610173033	0.176001369977329	TRUE	1.23450705913316	0.0874518089600253	1.32195886809319	0.778388369255606	RvY_17788
RvY_17794-1	uv	long	short	-0.676245354783232	0.486219540102546	-0.0853494861805899	-0.0223588514099818	TRUE	1.16246489488578	0.0629906347706081	1.22545552965639	0.291599878982844	RvY_17794
RvY_17804-1	uv	long	short	-0.664189744540561	0.645947778794829	0.0163279912054115	0.0727626123355959	TRUE	1.31013752333539	0.0564346211301844	1.36657214446557	0.651667367522228	RvY_17804
RvY_17811-1	uv	long	short	0.465170369728286	-0.625146942329542	-0.0872034983442074	-0.148133118304242	TRUE	1.09031731205783	0.0609296199600347	1.15124693201786	0.556784323925201	RvY_17811
RvY_17826-1	uv	long	short	0.574788136209637	-0.531423875845213	0.0191931111669437	-0.0474561205712163	TRUE	1.10621201205485	0.06664923173816	1.17286124379301	0.184825354083885	RvY_17826
RvY_17915-1	uv	long	short	0.70787459599171	-0.594869894105056	0.067337553840745	-0.024919179687721	TRUE	1.30274449009677	0.092256733528466	1.39500122362523	0.425558012938831	RvY_17915
RvY_18043-1	uv	long	short	0.492804274250392	-0.643210790712146	-0.0470904861374448	-0.146204199791036	TRUE	1.13601506496254	0.0991137136535911	1.23512877861613	0.846742491492011	RvY_18043
RvY_18048-1	uv	long	short	0.764269121266097	-0.781490564913471	-0.0749271843821591	-0.10522070220991	TRUE	1.54575968617957	0.030293517827751	1.57605320400732	0.705050622692649	RvY_18048
RvY_18082	uv	long	short	0.763544167818703	-0.629940232122213	0.0921997134003476	-0.0202908071480618	TRUE	1.39348439994092	0.112490520548409	1.50597492048933	0.495211880780496	RvY_18082
RvY_18103-1	uv	long	short	-0.660570659210294	0.46777797579001	-0.0973824778611005	-0.0258745520226233	TRUE	1.1283486350003	0.0715079258384772	1.19985656083878	0.524594030219404	RvY_18103
RvY_18115-1	uv	long	short	0.771607525279866	-0.683312897303978	0.0438609738007116	-0.046785212423546003	TRUE	1.45492042258384	0.0906461862242576	1.5455666088081	0.673708302797193	RvY_18115
RvY_18122-1	uv	long	short	-0.495749887635983	0.651103145662372	0.0749986111694101	0.149354943594342	TRUE	1.14685303329836	0.0743563324249314	1.22120936572329	0.584466433908272	RvY_18122
RvY_18134	uv	long	short	0.505747552604871	-0.66094296107285	-0.0962406491791263	-0.150515861338847	TRUE	1.16669051367772	0.0542752121597209	1.22096572583744	0.341939526089935	RvY_18134
RvY_18153-1	uv	long	short	1.15421860726266	-1.08996314524418	-0.0187189601618254	-0.108133628522433	TRUE	2.24418175250684	0.0894146683606079	2.33359642086745	1.5822192096094	RvY_18153
RvY_18180-1	uv	long	short	0.585462720842942	-0.502405590538569	0.091233978859826	-0.0264632043091576	TRUE	1.08786831138151	0.117697183168984	1.20556549455049	0.694293363989512	RvY_18180
RvY_18221-1	uv	long	short	0.725293987995133	-0.519535379726851	0.116375985399362	0.0250774686515171	TRUE	1.24482936772198	0.0912985167478447	1.33612788446983	0.609864494745033	RvY_18221
RvY_18332-1	uv	long	short	0.954233760516625	-0.662825889695356	0.081966351626356	0.0446377072723856	TRUE	1.61705965021198	0.0373286443539704	1.65438829456595	0.848248345187765	RvY_18332
RvY_18381-1	uv	long	short	0.704861508825836	-0.514302133930207	0.0996787943298258	0.0190819597755617	TRUE	1.21916364275604	0.0805968345542642	1.29976047731031	0.42669456578208	RvY_18381
RvY_18441-1	uv	long	short	-0.640048844251146	0.81678368489487	0.0890438960455127	0.179419453393488	TRUE	1.45683252914602	0.0903755573479754	1.54720808649399	0.367227611199175	RvY_18441
RvY_18479	uv	long	short	0.588695958291039	-0.553894504924938	0.0327590720205171	-0.0540111772679481	TRUE	1.14259046321598	0.0867702492884652	1.22936071250444	0.347612912409651	RvY_18479
RvY_18583	uv	long	short	0.666312971652491	-0.845647946720852	-0.0901888908062105	-0.184165044932515	TRUE	1.51196091837334	0.093976154126304	1.60593707249965	0.856875728243674	RvY_18583
RvY_18595-1	uv	long	short	-0.538152827072884	0.619390460798224	0.0546555220522036	0.112965272354614	TRUE	1.15754328787111	0.0583097503024104	1.21585303817352	0.684283640956939	RvY_18595
RvY_18615	uv	long	short	0.684821900555202	-0.695985221500449	-0.0224898571157297	-0.0918821056011013	TRUE	1.38080712205565	0.0693922484853716	1.45019937054102	0.447284670933575	RvY_18615
RvY_18684-1	uv	long	short	-0.616320125815448	0.682785911871832	0.0303951687028921	0.114427020383647	TRUE	1.29910603768728	0.0840318516807552	1.38313788936804	0.640530268419162	RvY_18684
RvY_18848-1	uv	long	short	0.560882404412248	-0.622280846968268	-0.0317092441906759	-0.104646924489292	TRUE	1.18316325138052	0.0729376802986163	1.25610093167913	0.383931547787813	RvY_18848
RvY_19039	uv	long	short	0.560095133649192	-0.575097618445583	-0.00574616839883113	-0.0784507894041192	TRUE	1.13519275209478	0.072704621005288	1.20789737310006	0.763243824310365	RvY_19039
RvY_19043	uv	long	short	0.765679098500877	-0.700917573360712	0.0134032899352246	-0.0592815294212669	TRUE	1.46659667186159	0.0726848193564914	1.53928149121808	0.76006820118393	RvY_19043
RvY_19049-1	uv	long	short	0.533489194608677	-0.727782711238264	-0.108673221030841	-0.175976252430227	TRUE	1.26127190584694	0.0673030313993862	1.32857493724633	0.924633790947962	RvY_19049
RvY_19182-1	uv	long	short	0.655056173176853	-0.483425118403314	0.0625311196675815	0.0146604466630087	TRUE	1.13848129158017	0.0478706730045728	1.18635196458474	0.260159156202506	RvY_19182
RvY_19186-1	uv	long	short	-0.88752837398819	0.689050063533134	-0.0550789892951649	-7.0300288244523e-4	TRUE	1.57657843752132	0.0543759864127196	1.63095442393404	0.761506941008765	RvY_19186
RvY_19229-1	uv	long	short	-0.850897219539355	0.862831138648498	0.0291445949122373	0.113074981941313	TRUE	1.71372835818785	0.0839303870290752	1.79765874521693	0.55900556570048	RvY_19229
RvY_19249-1	uv	long	short	0.815204749632728	-0.592910287411172	0.0770346220943106	0.0231400412955342	TRUE	1.4081150370439	0.0538945807987764	1.46200961784268	0.436475844704707	RvY_19249
RvY_19266-1	uv	long	short	0.581223060732325	-0.55749650734341	0.0658907470291705	-0.0593066963102764	TRUE	1.13871956807574	0.125197443339447	1.26391701141518	0.547765619112573	RvY_19266
RvY_19307	uv	long	short	-0.519373204239722	0.736453155899159	0.108798277665132	0.187029123338398	TRUE	1.25582636013888	0.0782308456732664	1.33405720581215	0.518537339511797	RvY_19307
RvY_19347-1	uv	long	short	0.580759218540519	-0.798305512718978	-0.0863070639238845	-0.194964692792948	TRUE	1.3790647312595	0.108657628869063	1.48772236012856	0.537758451909338	RvY_19347
RvY_19358-1	uv	long	short	1.03451828887687	-0.912606612680755	0.10107652365731	-0.0607394682492925	TRUE	1.94712490155763	0.161815991906603	2.10894089346423	0.702190572615049	RvY_19358
RvY_19388-1	uv	long	short	0.450271458218172	-0.664290630688967	-0.0909860182894766	-0.176669716792094	TRUE	1.11456208890714	0.0856836985026173	1.20024578740976	0.652862931781729	RvY_19388
RvY_19533-1	uv	long	short	0.672699639048783	-0.672356881494475	-0.0137007652483812	-0.0838946537567996	TRUE	1.34505652054326	0.0701938885084184	1.41525040905168	1.92694427317008	RvY_19533
RvY_19540-1	uv	long	short	0.442718426132026	-0.685239303951589	-0.102548415534092	-0.191757797040007	TRUE	1.1279577300836101	0.0892093815059151	1.21716711158953	1.23356732471518	RvY_19540
RvY_19642-1	uv	long	short	-0.622143398253964	0.504034708269374	-0.056167967219352	0.0113317866654133	TRUE	1.12617810652334	0.0674997538847653	1.1936778604081	1.05023815082789	RvY_19642
RvY_19658-1	uv	long	short	0.57799459062265	-0.599415384095704	-0.0480399445338673	-0.0842985201564243	TRUE	1.17740997471835	0.036258575622557	1.21366855034091	0.382096925986203	RvY_19658
