gene	gene_base	protein_id	ncbi_protein_desc	match_type	delta_pool	instability_score
RvY_00229-1	NA	GAU87363.1	hypothetical protein	exact_gene	0.0466471175124816	1.29053845427097
RvY_00248	NA	GAU87388.1	hypothetical protein	exact_gene	0.0497467645702949	1.39465749548525
RvY_00301-1	NA	GAU87466.1	AQP2	exact_gene	0.102330146347211	1.57897937823884
RvY_00410-1	NA	GAU87584.1	hypothetical protein	exact_gene	-0.0208814746950843	1.22495210030081
RvY_00455-1	NA	GAU87639.1	hypothetical protein	exact_gene	-0.055456987130901	1.1726380267352
RvY_00502-1	NA	GAU87689.1	hypothetical protein	exact_gene	0.0612534178537079	1.21158407054609
RvY_00665	NA	GAU87876.1	hypothetical protein	exact_gene	0.0235790198328036	1.34517774134611
RvY_00942-1	NA	GAU88199.1	hypothetical protein	exact_gene	0.0196795434099055	1.31792039310607
RvY_00965-1	NA	GAU88225.1	hypothetical protein	exact_gene	0.10337258969214	1.19293628967535
RvY_00974-1	NA	GAU88234.1	hypothetical protein	exact_gene	-0.0917689711188601	1.30044815207165
RvY_01043-1	NA	GAU88326.1	hypothetical protein	exact_gene	-0.0957684014471125	1.20653619604899
RvY_01072-1	NA	GAU88361.1	hypothetical protein	exact_gene	0.05292679560847	1.2205658651959
RvY_01082	NA	GAU88372.1	hypothetical protein	exact_gene	0.0824303938612356	1.92042198203546
RvY_01168-1	NA	GAU88475.1	hypothetical protein	exact_gene	-0.064418146909035	1.29469137688166
RvY_01196-1	NA	GAU88509.1	hypothetical protein	exact_gene	-0.0867036950866824	1.80298329874049
RvY_01203-1	NA	GAU88517.1	hypothetical protein	exact_gene	0.0562198179885023	1.41610568914357
RvY_01294-1	NA	GAU88627.1	hypothetical protein	exact_gene	-0.0316207027633428	1.65670727608539
RvY_01336	NA	GAU88688.1	hypothetical protein	exact_gene	0.0226309438319792	1.76625116441446
RvY_01368-1	NA	GAU88729.1	hypothetical protein	exact_gene	0.0319535719347019	1.76615781031159
RvY_01375	NA	GAU88736.1	hypothetical protein	exact_gene	0.02725457230739	1.38149965442525
RvY_01402-1	NA	GAU88765.1	hypothetical protein	exact_gene	-0.0236178691290201	2.27234212830339
RvY_01459-1	NA	GAU88834.1	hypothetical protein	exact_gene	0.0900424069808379	1.30667660559549
RvY_01540-1	NA	GAU88927.1	hypothetical protein	exact_gene	-0.0801920685543109	1.21019648459509
RvY_01552	NA	GAU88943.1	hypothetical protein	exact_gene	-0.0531212823123655	1.42654628012174
RvY_01557-1	NA	GAU88951.1	hypothetical protein	exact_gene	0.00534696330048856	1.43753368682872
RvY_01576	NA	GAU88971.1	hypothetical protein	exact_gene	0.0505608680720036	1.63755871371895
RvY_01734-1	NA	GAU89150.1	hypothetical protein	exact_gene	-0.101284295376165	2.34549675573988
RvY_01745	NA	GAU89161.1	hypothetical protein	exact_gene	0.111174144929658	1.27370139610539
RvY_01823-1	NA	GAU89251.1	hypothetical protein	exact_gene	-0.0316418576219313	1.62990276066576
RvY_01887-1	NA	GAU89328.1	hypothetical protein	exact_gene	-0.0995162232519835	1.30161496925429
RvY_02155-1	NA	GAU89625.1	hypothetical protein	exact_gene	-0.0452007898876055	1.46257249752803
RvY_02266-1	NA	GAU89755.1	hypothetical protein	exact_gene	-0.0088545372228106	1.42726867927084
RvY_02268-1	NA	GAU89757.1	hypothetical protein	exact_gene	0.0015180824415495	1.47936149056433
RvY_02391	NA	GAU89895.1	hypothetical protein	exact_gene	0.0516731909581845	1.33664005382641
RvY_02464-1	NA	GAU89980.1	hypothetical protein	exact_gene	-0.0967286320691203	1.23165672596317
RvY_02540-1	NA	GAU90068.1	hypothetical protein	exact_gene	0.0177718764544093	1.47800651616719
RvY_02577-1	NA	GAU90111.1	hypothetical protein	exact_gene	-0.00793932494116234	2.23588100438094
RvY_02623-1	NA	GAU90166.1	hypothetical protein	exact_gene	-0.00264507704131312	1.34977587341938
RvY_02699	NA	GAU90252.1	hypothetical protein	exact_gene	-0.0572907278490789	1.16724329288915
RvY_03025-1	NA	GAU90636.1	hypothetical protein	exact_gene	-0.107131922144456	1.6723098251546
RvY_03060-1	NA	GAU90678.1	hypothetical protein	exact_gene	0.0201158545334783	1.69667304089891
RvY_03151-1	NA	GAU90777.1	hypothetical protein	exact_gene	-0.0525296787981597	1.59978537167098
RvY_03207-1	NA	GAU90847.1	hypothetical protein	exact_gene	-0.0440145603736744	1.25107987280532
RvY_03303-1	NA	GAU90956.1	hypothetical protein	exact_gene	0.0917426890140369	1.9932438639271
RvY_03372-1	NA	GAU91042.1	hypothetical protein	exact_gene	-0.0265779469352943	1.18652924370778
RvY_03391-1	NA	GAU91065.1	hypothetical protein	exact_gene	-0.0689379155378367	1.29632617509808
RvY_03397-1	NA	GAU91074.1	hypothetical protein	exact_gene	-0.0895626409127042	1.18376513437625
RvY_03403-1	NA	GAU91081.1	hypothetical protein	exact_gene	0.0482389575911588	1.25136243343575
RvY_03504	NA	GAU91198.1	hypothetical protein	exact_gene	-0.11365794796006	1.40294473701595
RvY_03523-1	NA	GAU91222.1	hypothetical protein	exact_gene	-0.0546183650043339	1.14725085126521
RvY_03641-1	NA	GAU91378.1	hypothetical protein	exact_gene	0.0236235917224832	1.48459084440657
RvY_03733-1	NA	GAU91493.1	hypothetical protein	exact_gene	0.0459166101490052	1.45525791480954
RvY_03755-1	NA	GAU91517.1	hypothetical protein	exact_gene	-0.0590833068144603	1.26492049984171
RvY_03833-1	NA	GAU91608.1	hypothetical protein	exact_gene	0.0207508087139345	1.18643408664853
RvY_03876	NA	GAU91661.1	hypothetical protein	exact_gene	0.00773479415948586	1.15997939296574
RvY_03985-1	NA	GAU91795.1	hypothetical protein	exact_gene	-0.0542140591665392	1.59991376703544
RvY_04014-1	NA	GAU91834.1	hypothetical protein	exact_gene	-0.0907074493704823	1.50188623059902
RvY_04026-1	NA	GAU91847.1	hypothetical protein	exact_gene	0.00487217369355975	1.44596381688362
RvY_04048	NA	GAU91871.1	hypothetical protein	exact_gene	0.114807688856143	2.10584382792648
RvY_04319-1	NA	GAU92207.1	hypothetical protein	exact_gene	-0.0464337552040872	1.81609091192154
RvY_04392-1	NA	GAU92292.1	hypothetical protein	exact_gene	-0.0179325014006606	1.35877609044176
RvY_04400	NA	GAU92302.1	hypothetical protein	exact_gene	-0.0301556257624895	2.12208594294912
RvY_04553-1	NA	GAU92477.1	hypothetical protein	exact_gene	-0.00935676574163935	1.67472757716792
RvY_04594-1	NA	GAU92523.1	hypothetical protein	exact_gene	-0.0953044504958118	1.52648520258331
RvY_04696-1	NA	GAU92643.1	hypothetical protein	exact_gene	-0.0254736080141749	1.60556408432748
RvY_04828-1	NA	GAU92790.1	hypothetical protein	exact_gene	-0.0810666393476138	1.47982020889744
RvY_04958-1	NA	GAU92948.1	hypothetical protein	exact_gene	0.104952232539498	1.22818082953133
RvY_05124-1	NA	GAU93138.1	hypothetical protein	exact_gene	0.0387198184606339	1.35756384270016
RvY_05184-1	NA	GAU93211.1	hypothetical protein	exact_gene	-0.104369562446443	1.38868677723674
RvY_05187-1	NA	GAU93214.1	hypothetical protein	exact_gene	0.0065962612306123	1.33012419376397
RvY_05194-1	NA	GAU93221.1	hypothetical protein	exact_gene	-0.0845219730028859	1.30796331830374
RvY_05228-1	NA	GAU93262.1	hypothetical protein	exact_gene	-0.0711362039142651	1.61506249803167
RvY_05366-1	NA	GAU93421.1	hypothetical protein	exact_gene	0.00780444888091214	1.61836422392155
RvY_05373-1	NA	GAU93431.1	hypothetical protein	exact_gene	0.117294294777318	1.21332283144793
RvY_05440	NA	GAU93509.1	hypothetical protein	exact_gene	-0.0445327076820732	1.29631699237391
RvY_05652-1	NA	GAU93764.1	hypothetical protein	exact_gene	-0.0409689645188474	1.3636259766392
RvY_05679	NA	GAU93794.1	hypothetical protein	exact_gene	0.040889612775632	1.25050620342975
RvY_05680-1	NA	GAU93796.1	hypothetical protein	exact_gene	0.0770819190889949	1.16999402093651
RvY_05724-1	NA	GAU93853.1	hypothetical protein	exact_gene	-0.100986028379653	1.28956232009353
RvY_05835-1	NA	GAU93986.1	hypothetical protein	exact_gene	-0.0835640388696621	1.17899050294048
RvY_05898	NA	GAU94056.1	hypothetical protein	exact_gene	-0.011969137444332	1.20849308970367
RvY_05931-1	NA	GAU94099.1	hypothetical protein	exact_gene	-0.0784955931007572	1.29584652588931
RvY_05949-1	NA	GAU94120.1	hypothetical protein	exact_gene	-0.0821313284268328	1.39461033549928
RvY_06015-1	NA	GAU94193.1	hypothetical protein	exact_gene	0.0232564650862672	1.78703272929219
RvY_06030	NA	GAU94211.1	hypothetical protein	exact_gene	0.0421234422907828	1.80491239257018
RvY_06047-1	NA	GAU94234.1	hypothetical protein	exact_gene	0.0575766596587775	1.40577612313793
RvY_06243-1	NA	GAU94472.1	hypothetical protein	exact_gene	-0.00235640924855041	1.51667053437796
RvY_06249-1	NA	GAU94479.1	hypothetical protein	exact_gene	0.027938704602132	1.66808585537113
RvY_06355-1	NA	GAU94617.1	hypothetical protein	exact_gene	0.0853479991165278	1.39246647135143
RvY_06451-1	NA	GAU94728.1	hypothetical protein	exact_gene	0.0906765190309358	1.19690705980674
RvY_06540-1	NA	GAU94830.1	hypothetical protein	exact_gene	-0.0271045718848661	2.51539484112141
RvY_06621-1	NA	GAU94922.1	hypothetical protein	exact_gene	-0.114784283341193	1.36260300754012
RvY_06736-1	NA	GAU95055.1	hypothetical protein	exact_gene	-0.0748661861816036	1.3702385793756
RvY_06758	NA	GAU95080.1	hypothetical protein	exact_gene	-0.0300972359474345	1.37952915826416
RvY_06826-1	NA	GAU95151.1	hypothetical protein	exact_gene	-0.0974676740670368	1.38841282803701
RvY_06920-1	NA	GAU95274.1	hypothetical protein	exact_gene	-0.0658928332818469	1.54916861161614
RvY_06981	NA	GAU95348.1	hypothetical protein	exact_gene	0.0785879924944295	1.75811774867675
RvY_07038-1	NA	GAU95417.1	hypothetical protein	exact_gene	-0.00557094153240811	1.45836017808787
RvY_07155-1	NA	GAU95555.1	hypothetical protein	exact_gene	-0.113555812692501	1.23157115376733
RvY_07160-1	NA	GAU95561.1	hypothetical protein	exact_gene	-0.0568654800514654	1.59540466820349
RvY_07245-1	NA	GAU95662.1	hypothetical protein	exact_gene	-0.112687721647926	1.79584911493209
RvY_07341-1	NA	GAU95784.1	hypothetical protein	exact_gene	-0.109322244442591	1.23236760872738
RvY_07434	NA	GAU95902.1	hypothetical protein	exact_gene	-0.0848076262167581	1.3678588408796
RvY_07469-1	NA	GAU95953.1	hypothetical protein	exact_gene	-0.0615081265521127	2.08023609125887
RvY_07514-1	NA	GAU96006.1	hypothetical protein	exact_gene	0.0806328255419757	1.53041509137689
RvY_07520-1	NA	GAU96012.1	hypothetical protein	exact_gene	-0.105885881588597	1.29661518965489
RvY_07817-1	NA	GAU96359.1	hypothetical protein	exact_gene	0.0506332032597783	1.21558727628917
RvY_07846-1	NA	GAU96391.1	hypothetical protein	exact_gene	0.0686727229596311	1.14713532592568
RvY_07904	NA	GAU96462.1	hypothetical protein	exact_gene	-0.0789002933956553	2.1952240580609
RvY_08208-1	NA	GAU96829.1	hypothetical protein	exact_gene	0.025023969702894	1.90264212914139
RvY_08216-1	NA	GAU96838.1	hypothetical protein	exact_gene	0.0461687604312546	1.35944661414267
RvY_08466-1	NA	GAU97113.1	hypothetical protein	exact_gene	0.0712092859329871	1.28974983617092
RvY_08544-1	NA	GAU97205.1	hypothetical protein	exact_gene	0.077474495693699	1.79715133364039
RvY_08550-1	NA	GAU97212.1	hypothetical protein	exact_gene	-0.0790820289267717	1.18934482930655
RvY_08551-1	NA	GAU97213.1	hypothetical protein	exact_gene	-0.107319854769418	1.19543771106039
RvY_08608-1	NA	GAU97284.1	hypothetical protein	exact_gene	0.035685071639513	1.36582861183916
RvY_08618-1	NA	GAU97296.1	hypothetical protein	exact_gene	-0.100999110045023	1.57191429647437
RvY_08835-1	NA	GAU97561.1	hypothetical protein	exact_gene	-0.104397501594353	1.26091948001493
RvY_08858	NA	GAU97584.1	hypothetical protein	exact_gene	-0.0403079191326068	1.78903000329867
RvY_08936-1	NA	GAU97683.1	hypothetical protein	exact_gene	0.00711763530957654	1.18702269140312
RvY_09009-1	NA	GAU97772.1	hypothetical protein	exact_gene	-0.115171212661831	1.464542622776
RvY_09061-1	NA	GAU97831.1	hypothetical protein	exact_gene	0.00765036481251613	1.39329838203354
RvY_09096-1	NA	GAU97870.1	hypothetical protein	exact_gene	-0.0569978353440961	1.90327633701924
RvY_09339-1	NA	GAU98159.1	hypothetical protein	exact_gene	-0.0377362641636143	1.1937302511425
RvY_09340-1	NA	GAU98160.1	hypothetical protein	exact_gene	0.0619346645716572	1.40566544470455
RvY_09464-1	NA	GAU98300.1	hypothetical protein	exact_gene	-0.0185026579404308	1.55544172243321
RvY_09555-1	NA	GAU98403.1	hypothetical protein	exact_gene	0.084038680634885	1.22788735818499
RvY_09600-1	NA	GAU98457.1	hypothetical protein	exact_gene	5.0968937920714e-4	1.17503071110892
RvY_09626-1	NA	GAU98487.1	hypothetical protein	exact_gene	-0.0024557651373236	1.59023236996251
RvY_09643-1	NA	GAU98506.1	hypothetical protein	exact_gene	-0.0335116018162331	1.78045617019119
RvY_09739-1	NA	GAU98615.1	hypothetical protein	exact_gene	-0.0217430254527606	1.64478908882158
RvY_09825-1	NA	GAU98714.1	hypothetical protein	exact_gene	0.0928141797869282	1.57499911371215
RvY_09970-1	NA	GAU98887.1	hypothetical protein	exact_gene	-0.108136180377489	1.53387227223601
RvY_10010-1	NA	GAU98938.1	hypothetical protein	exact_gene	0.0684658439809498	1.20463650270201
RvY_10146-1	NA	GAU99102.1	hypothetical protein	exact_gene	-0.0434403723108883	2.21946447808165
RvY_10187-1	NA	GAU99145.1	hypothetical protein	exact_gene	-0.0519373906113874	1.31236571844619
RvY_10405	NA	GAU99391.1	hypothetical protein	exact_gene	-0.119241979140801	1.53206897742011
RvY_10497-1	NA	GAU99504.1	hypothetical protein	exact_gene	-0.0242259077319771	1.20583072720719
RvY_10561-1	NA	GAU99586.1	hypothetical protein	exact_gene	-0.026282042277221	1.34970133359646
RvY_10601-1	NA	GAU99633.1	hypothetical protein	exact_gene	0.0625412602967534	1.24838280549221
RvY_10648-1	NA	GAU99687.1	hypothetical protein	exact_gene	0.0280969306518637	1.46002185182766
RvY_10661-1	NA	GAU99701.1	hypothetical protein	exact_gene	0.0309350134997857	1.40804375338017
RvY_10714-1	NA	GAU99762.1	hypothetical protein	exact_gene	0.102116216384122	1.18581255289808
RvY_10950	NA	GAV00038.1	hypothetical protein	exact_gene	0.0495509763166995	2.00474598141787
RvY_10997-1	NA	GAV00100.1	hypothetical protein	exact_gene	0.0723814237655791	1.40123489876005
RvY_10998	NA	GAV00101.1	hypothetical protein	exact_gene	-0.0491373109210898	1.71351913067276
RvY_11311-1	NA	GAV00468.1	hypothetical protein	exact_gene	-0.00249135460593841	1.27143325675857
RvY_11676-1	NA	GAV00888.1	hypothetical protein	exact_gene	-0.056585209718734	1.15252162911746
RvY_11715-1	NA	GAV00933.1	hypothetical protein	exact_gene	0.0736197182132781	1.70930285535028
RvY_11920-1	NA	GAV01168.1	hypothetical protein	exact_gene	0.110398432349847	1.4451052471876
RvY_11939-1	NA	GAV01191.1	hypothetical protein	exact_gene	0.0305010645201191	1.20341103905816
RvY_11994-1	NA	GAV01254.1	hypothetical protein	exact_gene	0.0723139974385276	1.36329474408419
RvY_11998-1	NA	GAV01259.1	hypothetical protein	exact_gene	-0.0635878192905306	1.55472020634158
RvY_12012-1	NA	GAV01275.1	hypothetical protein	exact_gene	-0.0211259250864355	1.20221942285322
RvY_12080-1	NA	GAV01356.1	hypothetical protein	exact_gene	-0.0335224857449665	1.27242350250775
RvY_12254	NA	GAV01560.1	hypothetical protein	exact_gene	-0.00479850966272011	1.32412919201414
RvY_12270-1	NA	GAV01581.1	hypothetical protein	exact_gene	0.0443442631889326	2.1200223770941
RvY_12452	NA	GAV01798.1	hypothetical protein	exact_gene	-0.074087280974326	1.80638805768508
RvY_12496-1	NA	GAV01852.1	hypothetical protein	exact_gene	-0.00405708214576084	1.36745475977859
RvY_12712-1	NA	GAV02108.1	hypothetical protein	exact_gene	-0.0651980481151835	1.1677128722092
RvY_12757-1	NA	GAV02158.1	hypothetical protein	exact_gene	-0.00352820266928511	1.39677865591995
RvY_12845-1	NA	GAV02254.1	hypothetical protein	exact_gene	0.0374059952245043	2.19000626106193
RvY_12857-1	NA	GAV02267.1	hypothetical protein	exact_gene	0.0168558410691171	1.42705025461012
RvY_12932	NA	GAV02355.1	hypothetical protein	exact_gene	0.030073772503151	1.77029632521493
RvY_12943-1	NA	GAV02367.1	hypothetical protein	exact_gene	0.0381983277603899	1.36125602840578
RvY_13077	NA	GAV02521.1	hypothetical protein	exact_gene	0.0467370588027922	1.28582831910012
RvY_13142-1	NA	GAV02599.1	hypothetical protein	exact_gene	-0.0437585176058901	1.36082381373001
RvY_13159-1	NA	GAV02618.1	hypothetical protein	exact_gene	0.0914964933172451	1.32852958186745
RvY_13161-1	NA	GAV02620.1	hypothetical protein	exact_gene	-0.0509474928071674	1.28509904947084
RvY_13225	NA	GAV02690.1	hypothetical protein	exact_gene	0.105733611731142	1.35205155061162
RvY_13246-1	NA	GAV02716.1	hypothetical protein	exact_gene	0.0918225068735241	1.84453461297686
RvY_13279-1	NA	GAV02753.1	hypothetical protein	exact_gene	-0.0504741615869691	1.35284261828798
RvY_13282-1	NA	GAV02756.1	hypothetical protein	exact_gene	0.0155934890287845	1.40175657066315
RvY_13451-1	NA	GAV02950.1	hypothetical protein	exact_gene	-0.00968462944282944	1.32895393832397
RvY_13513-1	NA	GAV03024.1	hypothetical protein	exact_gene	-0.0602166873318186	1.32322479790839
RvY_13663-1	NA	GAV03204.1	hypothetical protein	exact_gene	-0.0613271308160739	2.34374531955413
RvY_13694-1	NA	GAV03242.1	hypothetical protein	exact_gene	-0.0288128091583157	1.47196945810845
RvY_13698-1	NA	GAV03246.1	hypothetical protein	exact_gene	-0.0818784232642509	1.47704645070268
RvY_13711-1	NA	GAV03263.1	hypothetical protein	exact_gene	-0.0541012694553151	1.18325137333572
RvY_13788	NA	GAV03348.1	hypothetical protein	exact_gene	0.102922264869773	1.19640476485604
RvY_13813-1	NA	GAV03384.1	hypothetical protein	exact_gene	-0.0655067411321193	1.38719195017276
RvY_13839-1	NA	GAV03412.1	hypothetical protein	exact_gene	0.0815258101081691	2.05590193955243
RvY_13953-1	NA	GAV03550.1	hypothetical protein	exact_gene	-0.0553259407446047	1.29927759807524
RvY_13964-1	NA	GAV03565.1	hypothetical protein	exact_gene	0.118347335323838	1.45461606712343
RvY_13993-1	NA	GAV03597.1	hypothetical protein	exact_gene	0.0034893338239943	1.29219595882467
RvY_14091-1	NA	GAV03702.1	hypothetical protein	exact_gene	-0.0532191120437773	1.14696969311378
RvY_14100-1	NA	GAV03711.1	hypothetical protein	exact_gene	-0.00729613190143397	1.68364983133066
RvY_14133	NA	GAV03750.1	hypothetical protein	exact_gene	-0.0286955170327365	2.59927719648901
RvY_14138-1	NA	GAV03758.1	hypothetical protein	exact_gene	-0.0773036875947639	1.41797412335478
RvY_14207-1	NA	GAV03832.1	hypothetical protein	exact_gene	-0.0771606692705396	2.0661789366449
RvY_14289-1	NA	GAV03925.1	hypothetical protein	exact_gene	0.106698524318599	1.15816311535858
RvY_14374	NA	GAV04029.1	hypothetical protein	exact_gene	-0.108154047308213	1.36466507178046
RvY_14438-1	NA	GAV04110.1	hypothetical protein	exact_gene	-0.00962231777113409	1.39748609121484
RvY_14439-1	NA	GAV04111.1	hypothetical protein	exact_gene	0.0928858593862962	1.55485391082523
RvY_14446-1	NA	GAV04119.1	hypothetical protein	exact_gene	0.0817529059395641	1.39408860160505
RvY_14481-1	NA	GAV04165.1	hypothetical protein	exact_gene	-0.0644817489399312	1.38274860662015
RvY_14646-1	NA	GAV04358.1	hypothetical protein	exact_gene	0.0970155353280653	1.47681651272191
RvY_14719-1	NA	GAV04445.1	hypothetical protein	exact_gene	0.0528340978953406	1.2720148501831
RvY_14730-1	NA	GAV04458.1	hypothetical protein	exact_gene	-0.0560235148508808	2.63613368160566
RvY_14832-1	NA	GAV04565.1	hypothetical protein	exact_gene	-0.0957181017613635	1.95817889884557
RvY_15004-1	NA	GAV04778.1	hypothetical protein	exact_gene	0.0988861024580903	1.20846426297505
RvY_15104	NA	GAV04899.1	hypothetical protein	exact_gene	0.0484284147426441	1.61963730688508
RvY_15120	NA	GAV04919.1	hypothetical protein	exact_gene	-0.0412887375692561	1.33225007762593
RvY_15133-1	NA	GAV04933.1	hypothetical protein	exact_gene	0.0216072886887275	1.68118556026306
RvY_15200-1	NA	GAV05009.1	hypothetical protein	exact_gene	-0.0430512316440721	1.72971833447759
RvY_15226-1	NA	GAV05038.1	hypothetical protein	exact_gene	-0.00621725561520847	1.17264321991731
RvY_15235-1	NA	GAV05047.1	hypothetical protein	exact_gene	-0.102347976024299	1.3494457141146
RvY_15312-1	NA	GAV05136.1	hypothetical protein	exact_gene	0.00756691186576664	1.17870700915158
RvY_15329-1	NA	GAV05157.1	hypothetical protein	exact_gene	-0.110641324061135	1.5190255166362
RvY_15496-1	NA	GAV05348.1	hypothetical protein	exact_gene	0.0558018374453386	1.29838778403425
RvY_15547-1	NA	GAV05407.1	hypothetical protein	exact_gene	-0.0479625864822637	1.4223792270694
RvY_15640-1	NA	GAV05520.1	hypothetical protein	exact_gene	0.111082614664602	2.12005855133942
RvY_15664	NA	GAV05546.1	hypothetical protein	exact_gene	0.00295189423940112	1.17233926332413
RvY_15772	NA	GAV05678.1	hypothetical protein	exact_gene	0.0814323996729982	1.14847617242451
RvY_15790-1	NA	GAV05698.1	hypothetical protein	exact_gene	0.0265130274302834	1.21285650993519
RvY_15840-1	NA	GAV05760.1	hypothetical protein	exact_gene	-0.0752359563285632	2.16064463828368
RvY_16000-1	NA	GAV05950.1	hypothetical protein	exact_gene	0.110728536200512	1.40585910363512
RvY_16048-1	NA	GAV06005.1	seven-up/COUP-TF	exact_gene	-0.0157159340333202	1.32130246809356
RvY_16079-1	NA	GAV06040.1	hypothetical protein	exact_gene	0.0722435195317743	1.20047326568551
RvY_16143-1	NA	GAV06111.1	hypothetical protein	exact_gene	0.0472019897382587	1.23759343534126
RvY_16169-1	NA	GAV06138.1	hypothetical protein	exact_gene	-0.101645926849778	1.69784421625188
RvY_16270-1	NA	GAV06250.1	hypothetical protein	exact_gene	-0.0894616228342766	1.93495443834467
RvY_16432-1	NA	GAV06438.1	hypothetical protein	exact_gene	0.0306087910795254	1.61798559323644
RvY_16498-1	NA	GAV06529.1	hypothetical protein	exact_gene	0.0604462953134304	1.30199250434054
RvY_16521-1	NA	GAV06555.1	hypothetical protein	exact_gene	-0.0856549337919237	1.3693062310362
RvY_16628-1	NA	GAV06681.1	hypothetical protein	exact_gene	0.0518619213571192	1.31203893255543
RvY_16773-1	NA	GAV06856.1	hypothetical protein	exact_gene	0.0312646398300984	1.41481798280339
RvY_16776-1	NA	GAV06861.1	hypothetical protein	exact_gene	-0.0947105401007384	1.65262142760905
RvY_17017-1	NA	GAV07142.1	hypothetical protein	exact_gene	0.0575995411893686	2.2280556087764
RvY_17033-1	NA	GAV07158.1	hypothetical protein	exact_gene	-0.112846630608538	1.29639626890348
RvY_17073-1	NA	GAV07203.1	hypothetical protein	exact_gene	0.0407773807094545	1.39711932502163
RvY_17155	NA	GAV07301.1	hypothetical protein	exact_gene	-0.0968068282984937	1.25051170597615
RvY_17279-1	NA	GAV07446.1	hypothetical protein	exact_gene	0.013377190928229	1.69263057377646
RvY_17292-1	NA	GAV07462.1	hypothetical protein	exact_gene	-0.00568488088205399	1.47990453959882
RvY_17360-1	NA	GAV07535.1	hypothetical protein	exact_gene	-0.104326776780013	1.30173915711814
RvY_17459-1	NA	GAV07644.1	hypothetical protein	exact_gene	0.0700704314951599	1.16615466879814
RvY_17490	NA	GAV07676.1	hypothetical protein	exact_gene	-0.0714732190200058	1.56111979413298
RvY_17569-1	NA	GAV07764.1	hypothetical protein	exact_gene	-0.115924941597275	1.40179088386438
RvY_17574-1	NA	GAV07771.1	hypothetical protein	exact_gene	-0.0909420531220588	1.30142268358561
RvY_17610	NA	GAV07815.1	hypothetical protein	exact_gene	-0.00550110790809644	1.33721186410361
RvY_17741	NA	GAV07971.1	hypothetical protein	exact_gene	-0.103115953991107	1.46589354794126
RvY_17745-1	NA	GAV07975.1	hypothetical protein	exact_gene	-0.113760869815716	1.51236111696144
RvY_17788-1	NA	GAV08030.1	hypothetical protein	exact_gene	0.0885495610173033	1.32195886809319
RvY_17794-1	NA	GAV08038.1	hypothetical protein	exact_gene	-0.0853494861805899	1.22545552965639
RvY_17804-1	NA	GAV08053.1	hypothetical protein	exact_gene	0.0163279912054115	1.36657214446557
RvY_17811-1	NA	GAV08061.1	hypothetical protein	exact_gene	-0.0872034983442074	1.15124693201786
RvY_17826-1	NA	GAV08081.1	hypothetical protein	exact_gene	0.0191931111669437	1.17286124379301
RvY_17915-1	NA	GAV08184.1	hypothetical protein	exact_gene	0.067337553840745	1.39500122362523
RvY_18043-1	NA	GAV08333.1	hypothetical protein	exact_gene	-0.0470904861374448	1.23512877861613
RvY_18048-1	NA	GAV08338.1	hypothetical protein	exact_gene	-0.0749271843821591	1.57605320400732
RvY_18082	NA	GAV08380.1	hypothetical protein	exact_gene	0.0921997134003476	1.50597492048933
RvY_18103-1	NA	GAV08411.1	hypothetical protein	exact_gene	-0.0973824778611005	1.19985656083878
RvY_18115-1	NA	GAV08424.1	hypothetical protein	exact_gene	0.0438609738007116	1.5455666088081
RvY_18122-1	NA	GAV08434.1	hypothetical protein	exact_gene	0.0749986111694101	1.22120936572329
RvY_18134	NA	GAV08448.1	hypothetical protein	exact_gene	-0.0962406491791263	1.22096572583744
RvY_18153-1	NA	GAV08470.1	hypothetical protein	exact_gene	-0.0187189601618254	2.33359642086745
RvY_18180-1	NA	GAV08498.1	hypothetical protein	exact_gene	0.091233978859826	1.20556549455049
RvY_18221-1	NA	GAV08548.1	hypothetical protein	exact_gene	0.116375985399362	1.33612788446983
RvY_18332-1	NA	GAV08673.1	hypothetical protein	exact_gene	0.081966351626356	1.65438829456595
RvY_18381-1	NA	GAV08727.1	hypothetical protein	exact_gene	0.0996787943298258	1.29976047731031
RvY_18441-1	NA	GAV08798.1	hypothetical protein	exact_gene	0.0890438960455127	1.54720808649399
RvY_18479	NA	GAV08846.1	hypothetical protein	exact_gene	0.0327590720205171	1.22936071250444
RvY_18583	NA	GAV08969.1	hypothetical protein	exact_gene	-0.0901888908062105	1.60593707249965
RvY_18595-1	NA	GAV08983.1	hypothetical protein	exact_gene	0.0546555220522036	1.21585303817352
RvY_18615	NA	GAV09005.1	hypothetical protein	exact_gene	-0.0224898571157297	1.45019937054102
RvY_18684-1	NA	GAV09086.1	hypothetical protein	exact_gene	0.0303951687028921	1.38313788936804
RvY_18848-1	NA	GAV09279.1	hypothetical protein	exact_gene	-0.0317092441906759	1.25610093167913
RvY_19039	NA	GAV09508.1	hypothetical protein	exact_gene	-0.00574616839883113	1.20789737310006
RvY_19043	NA	GAV09514.1	hypothetical protein	exact_gene	0.0134032899352246	1.53928149121808
RvY_19049-1	NA	GAV09527.1	hypothetical protein	exact_gene	-0.108673221030841	1.32857493724633
RvY_19182-1	NA	GAV09683.1	hypothetical protein	exact_gene	0.0625311196675815	1.18635196458474
RvY_19186-1	NA	GAV09689.1	hypothetical protein	exact_gene	-0.0550789892951649	1.63095442393404
RvY_19229-1	NA	GAV09741.1	hypothetical protein	exact_gene	0.0291445949122373	1.79765874521693
RvY_19249-1	NA	GAV09763.1	hypothetical protein	exact_gene	0.0770346220943106	1.46200961784268
RvY_19266-1	NA	GAV09781.1	hypothetical protein	exact_gene	0.0658907470291705	1.26391701141518
RvY_19307	NA	GAV09831.1	hypothetical protein	exact_gene	0.108798277665132	1.33405720581215
RvY_19347-1	NA	GAV09877.1	hypothetical protein	exact_gene	-0.0863070639238845	1.48772236012856
RvY_19358-1	NA	GAV09891.1	hypothetical protein	exact_gene	0.10107652365731	2.10894089346423
RvY_19388-1	NA	GAV09919.1	hypothetical protein	exact_gene	-0.0909860182894766	1.20024578740976
RvY_19533-1	NA	GAV10038.1	hypothetical protein	exact_gene	-0.0137007652483812	1.41525040905168
RvY_19540-1	NA	GAV10042.1	hypothetical protein	exact_gene	-0.102548415534092	1.21716711158953
RvY_19642-1	NA	GAV10084.1	hypothetical protein	exact_gene	-0.056167967219352	1.1936778604081
RvY_19658-1	NA	GAV10088.1	hypothetical protein	exact_gene	-0.0480399445338673	1.21366855034091
