gene	instability_score	hetero_gap	sign_flip	delta_pool	short_annot	ipr_go	ipr_path	pfam_hits
RvY_07877-1	2.98421124026877	2.84659146667576	TRUE	-0.167366940414622	Uncharacterized protein	""	""	""
RvY_02420-1	2.98399032893322	2.80067549468351	TRUE	-1.26393863583912	Uncharacterized protein	""	""	""
RvY_03909	2.89892551065453	2.75280969104562	TRUE	0.62663031582501	Uncharacterized protein	""	""	""
RvY_01282-1	2.89428418188808	2.753805978439	TRUE	-0.533812998204413	Uncharacterized protein	""	""	""
RvY_19428-1	2.8877444926789	2.72524612355527	TRUE	1.09937359829352	Uncharacterized protein	""	""	""
RvY_02443-1	2.8458683213273	2.70497429541151	TRUE	0.980163067100305	Uncharacterized protein	""	""	""
RvY_15742-1	2.80365211618762	2.65772674838298	TRUE	0.919396156440039	Uncharacterized protein	""	""	""
RvY_07465-1	2.74216256420817	2.61969442517187	TRUE	-0.963121602198678	Uncharacterized protein	""	""	""
RvY_11878-1	2.69928713260976	2.54104473785999	TRUE	1.03063956840272	Uncharacterized protein	""	""	""
RvY_02824-1	2.6665925801061	2.49827760668911	TRUE	0.690761092323072	Uncharacterized protein	""	""	""
RvY_16120	2.66632171378228	2.50893727248437	TRUE	0.541398479352299	Uncharacterized protein	""	""	""
RvY_04438-1	2.66253423639105	2.50507275276066	TRUE	-0.800757626996101	Uncharacterized protein	""	""	""
RvY_14730-1	2.63613368160566	2.49160357669015	TRUE	-0.0560235148508808	Uncharacterized protein	""	""	""
RvY_19217-1	2.63359560749005	2.49373836811991	TRUE	0.435794054937405	Uncharacterized protein	""	""	""
RvY_09977	2.62299480378051	2.48563484193359	TRUE	0.501035390305224	Uncharacterized protein	""	""	""
RvY_02617	2.59970803310724	2.45962557776301	TRUE	-0.862982182184449	Uncharacterized protein	""	""	""
RvY_14133	2.59927719648901	2.4756308154505	TRUE	-0.0286955170327365	Uncharacterized protein	""	""	""
RvY_19489-1	2.57465397307096	2.48680148173834	TRUE	-0.244448463369943	Uncharacterized protein	""	""	""
RvY_05756-1	2.54635449910063	2.44743334847804	TRUE	0.312773578119497	Uncharacterized protein	""	""	""
RvY_00460-1	2.51835612161483	2.36500783200826	TRUE	-0.767547146149676	Uncharacterized protein	""	""	""
RvY_06540-1	2.51539484112141	2.34617900851625	TRUE	-0.0271045718848661	Uncharacterized protein	""	""	""
RvY_17121-1	2.5151461658675	2.36240070962339	TRUE	-0.248534825310947	Uncharacterized protein	""	""	""
RvY_19669-1	2.51167452116751	2.39524698078553	TRUE	0.159120503187626	Uncharacterized protein	""	""	""
RvY_10593-1	2.50055310391229	2.39317865154753	TRUE	0.755173398196654	Uncharacterized protein	""	""	""
RvY_01202	2.49119630526914	2.37993457285462	TRUE	-0.892298141948102	Uncharacterized protein	""	""	""
RvY_13378-1	2.4505139152716	2.31418866387324	TRUE	0.900442908263096	Uncharacterized protein	""	""	""
RvY_12589-1	2.43608101025165	2.29401482060719	TRUE	-0.933215620880673	Uncharacterized protein	""	""	""
RvY_12426-1	2.42469030659064	2.29176573795614	TRUE	0.62327006464966	Uncharacterized protein	""	""	""
RvY_05865-1	2.42179044528203	2.27664833865818	TRUE	0.68932251747201	Uncharacterized protein	""	""	""
RvY_08410	2.42045688683001	2.28361682416161	TRUE	0.219009287918429	Uncharacterized protein	""	""	""
RvY_18994-1	2.41197089286501	2.29287448429809	TRUE	-0.385418278063803	Uncharacterized protein	""	""	""
RvY_14535-1	2.41177847308871	2.26395081068234	TRUE	-0.646952198146249	Uncharacterized protein	""	""	""
RvY_10290	2.39316061348046	2.2591700727526	TRUE	0.132268757733893	Uncharacterized protein	""	""	""
RvY_03382	2.38782192568631	2.2631196557489	TRUE	0.224402701271761	Uncharacterized protein	""	""	""
RvY_04310-1	2.3517747870655	2.21565497638213	TRUE	1.08717970359914	Uncharacterized protein	""	""	""
RvY_01734-1	2.34549675573988	2.22000604763654	TRUE	-0.101284295376165	Uncharacterized protein	""	""	""
RvY_13663-1	2.34374531955413	2.21123023241817	TRUE	-0.0613271308160739	Uncharacterized protein	""	""	""
RvY_03054	2.33898693436979	2.23301559655925	TRUE	-0.222661672428902	Uncharacterized protein	""	""	""
RvY_18153-1	2.33359642086745	2.24418175250684	TRUE	-0.0187189601618254	Uncharacterized protein	""	""	""
RvY_03078-1	2.30738473157049	2.24048235310094	TRUE	0.238584964370935	Uncharacterized protein	""	""	""
RvY_11656-1	2.30136125236365	2.16824046356433	TRUE	0.710765757026332	Uncharacterized protein	""	""	""
RvY_16778-1	2.29209035034318	2.16615376528626	TRUE	0.958440794706404	Uncharacterized protein	""	""	""
RvY_03711-1	2.29190769556979	2.18103530659237	TRUE	-0.171458494632748	Uncharacterized protein	""	""	""
RvY_17009-1	2.28123814619344	2.16634103646143	TRUE	0.971270996813696	Uncharacterized protein	""	""	""
RvY_01402-1	2.27234212830339	2.1546059131637	TRUE	-0.0236178691290201	Uncharacterized protein	""	""	""
RvY_11683-1	2.27086520404342	2.16369808475032	TRUE	0.911868211565179	Uncharacterized protein	""	""	""
RvY_13098-1	2.26842883670518	2.13676695662965	TRUE	0.461706391101504	Uncharacterized protein	""	""	""
RvY_04007	2.26397169045025	2.18359041861202	TRUE	0.936876074225846	Uncharacterized protein	""	""	""
RvY_08139-1	2.26179709994798	2.15229062709736	TRUE	-0.226745952931013	Uncharacterized protein	""	""	""
RvY_16041	2.26160789482225	2.08796259826008	TRUE	0.218371571176982	Uncharacterized protein	""	""	""
RvY_19360-1	2.2572664822046	2.20852173245488	TRUE	0.130745948963201	Uncharacterized protein	""	""	""
RvY_07969-1	2.24389958449744	2.132150930345	TRUE	-0.434171976419327	Uncharacterized protein	""	""	""
RvY_17911-1	2.23601041086264	2.15353401680605	TRUE	-0.563481081169314	Uncharacterized protein	""	""	""
RvY_02577-1	2.23588100438094	2.11421675882284	TRUE	-0.00793932494116234	Uncharacterized protein	""	""	""
RvY_10077-1	2.23043137613887	2.13118654033432	TRUE	0.5314778274314	Uncharacterized protein	""	""	""
RvY_17017-1	2.2280556087764	2.13427735158815	TRUE	0.0575995411893686	Uncharacterized protein	""	""	""
RvY_00302-1	2.22649221062021	2.11219099554953	TRUE	-0.17751050725444	Uncharacterized protein	""	""	""
RvY_06583	2.21996577979398	2.15463576447059	TRUE	0.139701122334534	Uncharacterized protein	""	""	""
RvY_10146-1	2.21946447808165	2.1313411742369	TRUE	-0.0434403723108883	Uncharacterized protein	""	""	""
RvY_13484	2.21184740964727	2.11383889046313	TRUE	-0.303521102411739	Uncharacterized protein	""	""	""
RvY_17613	2.20710631612927	2.10677993659987	TRUE	-0.135394717267261	Uncharacterized protein	""	""	""
RvY_17169-1	2.20676460324067	2.13986679492746	TRUE	0.337744058098825	Uncharacterized protein	""	""	""
RvY_16508-1	2.20098475024544	2.06281463780576	TRUE	-0.843430798362779	Uncharacterized protein	""	""	""
RvY_07351-1	2.19866448926779	2.07427400312867	TRUE	-0.657082474058473	Uncharacterized protein	""	""	""
RvY_07904	2.1952240580609	2.05863236809736	TRUE	-0.0789002933956553	Uncharacterized protein	""	""	""
RvY_06298-1	2.19407788116534	2.08806274311745	TRUE	0.45041987876806	Uncharacterized protein	""	""	""
RvY_12845-1	2.19000626106193	2.08270394681318	TRUE	0.0374059952245043	Uncharacterized protein	""	""	""
RvY_14824-1	2.18735631790651	2.06771874100308	TRUE	-0.27697496153502	Uncharacterized protein	""	""	""
RvY_14697-1	2.18447702874813	2.08594176581506	TRUE	0.920177464085327	Uncharacterized protein	""	""	""
RvY_08869-1	2.17469397730398	2.0386531802806	TRUE	0.772879228138074	Uncharacterized protein	""	""	""
RvY_04206	2.16161669134541	2.04860189683102	TRUE	-0.534287777359142	Uncharacterized protein	""	""	""
RvY_15840-1	2.16064463828368	2.05095288080681	TRUE	-0.0752359563285632	Uncharacterized protein	""	""	""
RvY_02643	2.15462298464431	2.01211763346016	TRUE	-0.770446073617721	Uncharacterized protein	""	""	""
RvY_05282-1	2.15288805475957	2.0263481580871	TRUE	-0.28928265834064	Uncharacterized protein	""	""	""
RvY_16695	2.15114533083892	2.00743814692202	TRUE	-0.457545854313377	Uncharacterized protein	""	""	""
RvY_07093	2.15074843010392	2.00086221058793	TRUE	-0.443860134890578	Uncharacterized protein	""	""	""
RvY_12836-1	2.14205787491422	2.04487814068269	TRUE	-0.391847797453619	Uncharacterized protein	""	""	""
RvY_17673-1	2.1418014165313	2.05336747224264	TRUE	0.548195670914456	Uncharacterized protein	""	""	""
RvY_03476-1	2.13562611516926	2.01690583382105	TRUE	0.694257256411412	Uncharacterized protein	""	""	""
RvY_01840	2.13007563965106	1.98820701916491	TRUE	0.777336333284193	Uncharacterized protein	""	""	""
RvY_03547	2.12408365751749	1.99792352727793	TRUE	-0.436956670245661	Uncharacterized protein	""	""	""
RvY_17919	2.12214310154716	1.99662839965203	TRUE	0.769516649188487	Uncharacterized protein	""	""	""
RvY_04400	2.12208594294912	2.0233904328724	TRUE	-0.0301556257624895	Uncharacterized protein	""	""	""
RvY_00941-1	2.12177748373067	2.02175485761369	TRUE	0.736380044431117	Uncharacterized protein	""	""	""
RvY_09765-1	2.12052115450576	1.98942528366113	TRUE	-0.636299312780279	Uncharacterized protein	""	""	""
RvY_15640-1	2.12005855133942	2.01995909289237	TRUE	0.111082614664602	Uncharacterized protein	""	""	""
RvY_12270-1	2.1200223770941	1.98835072003191	TRUE	0.0443442631889326	Uncharacterized protein	""	""	""
RvY_19358-1	2.10894089346423	1.94712490155763	TRUE	0.10107652365731	Uncharacterized protein	""	""	""
RvY_04048	2.10584382792648	2.02699837212638	TRUE	0.114807688856143	Uncharacterized protein	""	""	""
RvY_09162-1	2.10506115710287	1.99655941754198	TRUE	-0.587662014203164	Uncharacterized protein	""	""	""
RvY_00844-1	2.10152183359481	1.97098523276879	TRUE	-0.123823262093483	Uncharacterized protein	""	""	""
RvY_09669-1	2.09511313340233	1.99141297255589	TRUE	0.243133077591576	Uncharacterized protein	""	""	""
RvY_04191	2.08695104082791	1.9825171596092	TRUE	0.177750033911211	Uncharacterized protein	""	""	""
RvY_07189-1	2.08491070738306	1.93781652576126	TRUE	-0.725639474497518	Uncharacterized protein	""	""	""
RvY_13181-1	2.08248503512151	1.95278104825548	TRUE	0.434788023990132	Uncharacterized protein	""	""	""
RvY_09004-1	2.08041540849806	1.98811881096742	TRUE	-0.387720583541362	Uncharacterized protein	""	""	""
