gene,category,gene_base
RvY_07877-1,Instability-only,RvY_07877
RvY_02420-1,Instability-only,RvY_02420
RvY_03909,Instability-only,RvY_03909
RvY_01282-1,Instability-only,RvY_01282
RvY_19428-1,Instability-only,RvY_19428
RvY_02443-1,Instability-only,RvY_02443
RvY_15742-1,Instability-only,RvY_15742
RvY_07465-1,Instability-only,RvY_07465
RvY_11878-1,Instability-only,RvY_11878
RvY_02824-1,Instability-only,RvY_02824
RvY_16120,Instability-only,RvY_16120
RvY_04438-1,Instability-only,RvY_04438
RvY_14730-1,Instability-only,RvY_14730
RvY_19217-1,Instability-only,RvY_19217
RvY_09977,Instability-only,RvY_09977
RvY_02617,Instability-only,RvY_02617
RvY_14133,Instability-only,RvY_14133
RvY_19489-1,Instability-only,RvY_19489
RvY_05756-1,Instability-only,RvY_05756
RvY_00460-1,Instability-only,RvY_00460
RvY_06540-1,Instability-only,RvY_06540
RvY_17121-1,Instability-only,RvY_17121
RvY_19669-1,Instability-only,RvY_19669
RvY_10593-1,Instability-only,RvY_10593
RvY_01202,Instability-only,RvY_01202
RvY_13378-1,Instability-only,RvY_13378
RvY_12589-1,Instability-only,RvY_12589
RvY_12426-1,Instability-only,RvY_12426
RvY_05865-1,Instability-only,RvY_05865
RvY_08410,Instability-only,RvY_08410
RvY_18994-1,Instability-only,RvY_18994
RvY_14535-1,Instability-only,RvY_14535
RvY_10290,Instability-only,RvY_10290
RvY_03382,Instability-only,RvY_03382
RvY_04310-1,Instability-only,RvY_04310
RvY_01734-1,Instability-only,RvY_01734
RvY_13663-1,Instability-only,RvY_13663
RvY_03054,Instability-only,RvY_03054
RvY_18153-1,Instability-only,RvY_18153
RvY_03078-1,Instability-only,RvY_03078
RvY_11656-1,Instability-only,RvY_11656
RvY_16778-1,Instability-only,RvY_16778
RvY_03711-1,Instability-only,RvY_03711
RvY_17009-1,Instability-only,RvY_17009
RvY_01402-1,Instability-only,RvY_01402
RvY_11683-1,Instability-only,RvY_11683
RvY_13098-1,Instability-only,RvY_13098
RvY_04007,Instability-only,RvY_04007
RvY_08139-1,Instability-only,RvY_08139
RvY_16041,Instability-only,RvY_16041
RvY_19360-1,Instability-only,RvY_19360
RvY_07969-1,Instability-only,RvY_07969
RvY_17911-1,Instability-only,RvY_17911
RvY_02577-1,Instability-only,RvY_02577
RvY_10077-1,Instability-only,RvY_10077
RvY_17017-1,Instability-only,RvY_17017
RvY_00302-1,Instability-only,RvY_00302
RvY_06583,Instability-only,RvY_06583
RvY_10146-1,Instability-only,RvY_10146
RvY_13484,Instability-only,RvY_13484
RvY_17613,Instability-only,RvY_17613
RvY_17169-1,Instability-only,RvY_17169
RvY_16508-1,Instability-only,RvY_16508
RvY_07351-1,Instability-only,RvY_07351
RvY_07904,Instability-only,RvY_07904
RvY_06298-1,Instability-only,RvY_06298
RvY_12845-1,Instability-only,RvY_12845
RvY_14824-1,Instability-only,RvY_14824
RvY_14697-1,Instability-only,RvY_14697
RvY_08869-1,Instability-only,RvY_08869
RvY_04206,Instability-only,RvY_04206
RvY_15840-1,Instability-only,RvY_15840
RvY_02643,Instability-only,RvY_02643
RvY_16446,Instability-only,RvY_16446
RvY_05282-1,Instability-only,RvY_05282
RvY_16695,Instability-only,RvY_16695
RvY_07093,Instability-only,RvY_07093
RvY_12836-1,Instability-only,RvY_12836
RvY_12517-1,Instability-only,RvY_12517
RvY_17673-1,Instability-only,RvY_17673
RvY_03476-1,Instability-only,RvY_03476
RvY_01840,Instability-only,RvY_01840
RvY_03547,Instability-only,RvY_03547
RvY_17919,Instability-only,RvY_17919
RvY_04400,Instability-only,RvY_04400
RvY_00941-1,Instability-only,RvY_00941
RvY_09765-1,Instability-only,RvY_09765
RvY_15640-1,Instability-only,RvY_15640
RvY_12270-1,Instability-only,RvY_12270
RvY_19358-1,Instability-only,RvY_19358
RvY_04048,Instability-only,RvY_04048
RvY_09162-1,Instability-only,RvY_09162
RvY_00844-1,Instability-only,RvY_00844
RvY_08684-1,Instability-only,RvY_08684
RvY_09669-1,Instability-only,RvY_09669
RvY_04191,Instability-only,RvY_04191
RvY_07189-1,Instability-only,RvY_07189
RvY_13800,Instability-only,RvY_13800
RvY_13181-1,Instability-only,RvY_13181
RvY_09004-1,Instability-only,RvY_09004
RvY_18462-1,Pooled-only,RvY_18462
RvY_18231,Pooled-only,RvY_18231
RvY_06255-3,Pooled-only,RvY_06255
RvY_03228-1,Pooled-only,RvY_03228
RvY_06342,Pooled-only,RvY_06342
RvY_16845-1,Pooled-only,RvY_16845
RvY_05884-1,Pooled-only,RvY_05884
RvY_03227-1,Pooled-only,RvY_03227
RvY_06734-1,Pooled-only,RvY_06734
RvY_05779-1,Pooled-only,RvY_05779
RvY_17300-1,Pooled-only,RvY_17300
RvY_01565-1,Pooled-only,RvY_01565
RvY_04051-1,Pooled-only,RvY_04051
RvY_03664-1,Pooled-only,RvY_03664
RvY_13211-1,Pooled-only,RvY_13211
RvY_12829,Pooled-only,RvY_12829
RvY_16639-1,Pooled-only,RvY_16639
RvY_03100-1,Pooled-only,RvY_03100
RvY_12499-1,Pooled-only,RvY_12499
RvY_16235,Pooled-only,RvY_16235
RvY_03082-1,Pooled-only,RvY_03082
RvY_08196-1,Pooled-only,RvY_08196
RvY_07274-1,Pooled-only,RvY_07274
RvY_06615-1,Pooled-only,RvY_06615
RvY_00468-1,Pooled-only,RvY_00468
RvY_17106-1,Pooled-only,RvY_17106
RvY_13782-1,Pooled-only,RvY_13782
RvY_07119,Pooled-only,RvY_07119
RvY_00467-1,Pooled-only,RvY_00467
RvY_17051-1,Pooled-only,RvY_17051
RvY_17050-1,Pooled-only,RvY_17050
RvY_03819-1,Pooled-only,RvY_03819
RvY_13511-1,Pooled-only,RvY_13511
RvY_16958-1,Pooled-only,RvY_16958
RvY_03744-1,Pooled-only,RvY_03744
RvY_02649-1,Pooled-only,RvY_02649
RvY_03998-1,Pooled-only,RvY_03998
RvY_03101-1,Pooled-only,RvY_03101
RvY_15001-1,Pooled-only,RvY_15001
RvY_06764-1,Pooled-only,RvY_06764
RvY_06351-1,Pooled-only,RvY_06351
RvY_18544-1,Pooled-only,RvY_18544
RvY_11867-1,Pooled-only,RvY_11867
RvY_15057,Pooled-only,RvY_15057
RvY_01716-1,Pooled-only,RvY_01716
RvY_01433-1,Pooled-only,RvY_01433
RvY_00482-1,Pooled-only,RvY_00482
RvY_19214,Pooled-only,RvY_19214
RvY_15678,Pooled-only,RvY_15678
RvY_10445-1,Pooled-only,RvY_10445
RvY_11604,Pooled-only,RvY_11604
RvY_18007-1,Pooled-only,RvY_18007
RvY_01197-1,Pooled-only,RvY_01197
RvY_04686,Pooled-only,RvY_04686
RvY_19025-1,Pooled-only,RvY_19025
RvY_08293-1,Pooled-only,RvY_08293
RvY_07667-1,Pooled-only,RvY_07667
RvY_14711-1,Pooled-only,RvY_14711
RvY_18543-1,Pooled-only,RvY_18543
RvY_06939-1,Pooled-only,RvY_06939
RvY_03835-1,Pooled-only,RvY_03835
RvY_11464-1,Pooled-only,RvY_11464
RvY_18641,Pooled-only,RvY_18641
RvY_03764-1,Pooled-only,RvY_03764
RvY_07956-1,Pooled-only,RvY_07956
RvY_03616,Pooled-only,RvY_03616
RvY_03666-1,Pooled-only,RvY_03666
RvY_12252,Pooled-only,RvY_12252
RvY_02000-1,Pooled-only,RvY_02000
RvY_00970-1,Pooled-only,RvY_00970
RvY_17052-1,Pooled-only,RvY_17052
RvY_11038-1,Pooled-only,RvY_11038
RvY_06258-1,Pooled-only,RvY_06258
RvY_16564-1,Pooled-only,RvY_16564
RvY_12219-1,Pooled-only,RvY_12219
RvY_08284-1,Pooled-only,RvY_08284
RvY_06831-1,Pooled-only,RvY_06831
RvY_09023,Pooled-only,RvY_09023
RvY_07331,Pooled-only,RvY_07331
RvY_12301-1,Pooled-only,RvY_12301
RvY_15280-2,Pooled-only,RvY_15280
RvY_10068-1,Pooled-only,RvY_10068
RvY_15025-1,Pooled-only,RvY_15025
RvY_11696-1,Pooled-only,RvY_11696
RvY_11995,Pooled-only,RvY_11995
RvY_01193-1,Pooled-only,RvY_01193
RvY_12015-1,Pooled-only,RvY_12015
RvY_06816-1,Pooled-only,RvY_06816
RvY_14820-1,Pooled-only,RvY_14820
RvY_13094-1,Pooled-only,RvY_13094
RvY_15289,Pooled-only,RvY_15289
RvY_04381-1,Pooled-only,RvY_04381
RvY_03742-1,Pooled-only,RvY_03742
RvY_13852,Pooled-only,RvY_13852
RvY_04920-1,Pooled-only,RvY_04920
RvY_12429,Pooled-only,RvY_12429
RvY_15500-1,Pooled-only,RvY_15500
RvY_02784-1,Pooled-only,RvY_02784
RvY_13156-1,Pooled-only,RvY_13156
RvY_00438-1,Pooled-only,RvY_00438
